cell,yrange,omegahat,qxx,alpha,beta,p,q
0,1.01875302530786,0.484674197249876,1.16477566515183,-4.87E-06,0.000226049501972,0.05108418794858,-0.279538035699173
1,2.03795098631887,1.62616436973616,100850913.492141,0.001730799946731,2.73008952565886,8.59251588248897,2517.86558236709
2,1.00794206688451,0.485582347548077,2.25269434289948,5.85E-06,0.000234850903252,0.05664415707725,-0.42957798820177
3,2.01032910755318,0.497371205039021,7.28053551948735,-5.73E-06,0.000296021027642,0.061097959374339,-0.489693379364411
4,0.87119402047624,0.308150820812306,0.499999999997733,-0.000737777411105,0.027647391145623,-20.8208402437781,219.171194597136
5,1.51347683380412,1.91928137818607,73776994.4813852,0.000274762191345,0.550101052785498,14.392139354158,1640.21689948351
6,1.60482533696852,2.38562044191566,94252135.4108444,-0.0010979980613,0.278182751830235,29.363048862433,755.404277893948
7,1.11233568896952,0.489992331420609,4.58490614355087,1.29E-05,0.000151691956368,0.058359051891366,-0.471749460830275
8,1.10756243453274,0.508920186669935,1.9769267416156,-1.94E-06,0.000272838842732,0.066595375675567,-0.449858192202372
9,1.54303897216225,0.380102140556837,1.63902301769792,-5.44E-06,0.000279978152507,0.0196680325521,-0.226945611390485
10,1.13396175914,0.454766676103919,1.52424620112379,-3.99E-06,0.000381107363738,0.041791172661585,-0.319896335260271
11,1.32251080345939,1.03615224719833,4.70685311431296,0.000180534277804,7.27E-05,1.18876202693695,-2.13267431835869
12,2.26967201085364,0.37550689042951,1.68433476162463,-1.79E-05,0.000594627404793,0.017990205793438,-0.219193009532006
13,1.68312556112526,0.146813057930047,0.5,-0.000227732512042,0.027183326565575,-0.751757007597627,34.8561682692818
14,1.1625777495734,0.454488598285865,1.78365527592737,-1.07E-05,0.000412986205201,0.0407501180745,-0.339014937311163
15,1.18390763612435,0.36419645532269,2.52934786226593,-5.14E-06,0.000208955776085,0.01696790399996,-0.239872978104975
16,1.78456755048724,0.77809029559274,3.6453658232781,-6.87E-05,0.000631977455746,0.360506543135223,-1.1553665616866
17,1.21515008326192,0.549964736546698,0.904778499629249,2.39E-05,0.000929057163349,0.100229547902407,-0.265092376206722
18,1.14634967701952,0.52610223558404,2.19429288248414,-3.43E-06,0.000177671459952,0.075418381623901,-0.491797037746846
19,2.35158265018542,0.626777064977577,1.91274486224169,-0.000182295904495,0.001959288635441,0.141321356947006,-0.645876299505078
20,2.20456819465439,0.39202138315639,1.91570198907266,-2.56E-05,0.001045357196143,0.022403346114722,-0.257682436565513
21,1.72985123454971,0.553780047213589,2.01068067752154,-1.93E-05,0.000384031952583,0.089497899820332,-0.522827424217542
22,1.14801618682059,0.519594508783686,1.7272189390523,2.22E-05,0.000257580536734,0.078770662128978,-0.471706176361828
23,1.22491631654804,0.486908891919305,3.6117218939443,3.6E-06,0.000202637460654,0.05650754434322,-0.457255017763814
24,1.18379764717884,0.178013646345364,1.7801364634451,-0.001029734547628,0.067352662067078,-5.12851159714183,161.807893716442
25,1.79135641100123,0.392122904421076,1.60988434840444,-2.51E-05,0.00113143155542,0.022106708001644,-0.238363868121029
26,1.11660455482994,0.411243906124049,2.07057699306316,-6.42E-06,0.000243917950002,0.027375396600283,-0.291618671976826
27,1.86667466347163,1.59170886086156,36011101.5843597,-0.000105645593425,0.150082337670384,6.19594213363659,311.54366654886
28,1.66029440452091,0.889070903638585,22939603.8123459,0.000147086686958,0.196662653133393,1.07631691927092,602.112457081662
29,1.08606134136196,0.479758805611335,19.2028393850511,-5.97E-07,0.000111917449048,0.05297412570802,-0.459697985923545
30,1.16471352526377,0.455994536968424,0.677459836193651,-1.43E-05,0.001264464632832,0.037813780538711,0.062498118527107
31,1.30218682039269,0.374700947422394,1.39985936193109,-3.44E-06,0.000186692806823,0.018196269829713,-0.198555679730872
32,1.16960238899537,0.359356734817363,1.22321610548424,2.77E-06,0.000222716564201,0.017654400977144,-0.179655190306413
33,1.30423509874159,0.472494218939538,1.51706970472541,-5.75E-06,0.000336125737358,0.048045609280354,-0.341528788486813
34,1.54763423848722,0.806415404362098,5.12231463629448,1.63E-05,0.000192781446213,0.424747944977583,-1.27867523002854
35,1.25578653370728,0.660484008184325,0.395243613354836,-2.58E-05,0.004557513144829,0.17429855370671,1.95598301573761
36,1.51301435493872,0.052028937748692,0.520289377478868,-8.84E-08,0.370514182519386,-4.57724260287245,1690.88206572671
37,1.37139210841989,0.103179184346159,1.0317918434581,-5.82E-05,0.117915061003424,-5.99688904221106,563.292053734742
38,2.78331553909518,0.443568122676745,2.78227671259613,-4.77E-05,0.001987202593992,0.038017106284908,-0.364574434699414
39,1.76403015284551,0.524257194028931,0.874029951306442,-3.7E-05,0.003478307067451,0.071558277956588,-0.175610447145432
40,1.10091988540141,0.421702827481866,1.24091348116219,-6.26E-06,0.000641821142456,0.030433140442379,-0.23354203662722
41,1.46917075752869,1.9398529121525,72643811.4395863,-0.000251705536832,0.039200989745088,13.503559041236,94.7697104719407
42,1.53707117051188,0.358489033309717,1.57509461866562,-8.99E-07,0.00025023280713,0.016324457226518,-0.203741999950115
43,1.70647779645606,0.388124236650877,1.83132504542274,-1.09E-05,0.000523349439387,0.021605767462415,-0.249233893127631
44,1.8193513301124,0.508696608250805,1.609246381817,1.46E-05,0.000764333678904,0.068740000326074,-0.424532771483022
45,1.26848207948836,0.557773936215493,5.57773936215493,1.4E-05,7.34E-05,0.05835614921805,-0.498684707105844
46,1.53331359845161,0.37879001333487,1.38427435976115,-3.48E-06,0.00017134573296,0.018823923495962,-0.200050277992785
47,2.2181568089706,0.486788210779437,4.22501451020128,-4.31E-07,0.000387784492525,0.056136522276852,-0.460588282853221
48,1.65460942657352,0.391365560983785,1.24396688824232,-1.56E-05,0.001171470289284,0.022019777125374,-0.198090236568364
49,1.53808705387709,74.6471145072766,1000309206.34585,231.861508122068,49659.9405707929,31825812.1192393,166307142.825555
50,1.45967225433491,0.173302566048332,1.73302566046218,-0.001276824081148,0.097396603096985,-9.65952544404423,321.592007713875
51,1.36337175246158,0.491599436298229,1.6455287383709,-1.57E-05,0.000647593340457,0.055994873427614,-0.384219757208716
52,0.938261342294081,0.761994231446615,6.28889748418089,1.85E-05,3.25E-05,0.341350769069196,-1.1538690260975
53,1.25724372805724,0.839722820548944,3.78225226005734,0.00029350765895,3.94E-06,0.53105468816342,-1.40981410084903
54,1.11496010603709,0.649924696375981,1.67429153335667,-2.21E-05,0.000405275660603,0.169005558806536,-0.672111791988153
55,2.15685751603429,0.565885938459941,5.65885937880527,1.17E-05,0.000260066586987,0.071062658828171,-0.542140356897857
56,2.18712430568589,0.413477001618836,1.09288926117163,-2.02E-05,0.001540879178731,0.027200054985535,-0.187124580157015
57,1.75092988172834,0.799943787475056,4.15398231160177,0.000228627555843,5.86E-05,0.429652096984366,-1.2746494534157
58,2.5575368331202,0.009707101729741,0.500000000000016,-2.66E-08,0.175900054369749,-0.010454954085824,110.953906861755
59,1.5806857963963,0.825189171561686,3.39543497124174,0.000119634610809,0.000372412676784,0.476538129005021,-1.32183379821477
60,1.18164330121274,0.743901648915005,0.560362102036038,0.000260359437208,0.002464817619895,0.458411881169474,0.333827743394743
61,1.62866508801956,0.44936047312861,0.864574066193917,-1.13E-05,0.00146103896286,0.038605180307121,-0.123112055903742
62,0.893061083859126,1.07921605752475,7.8480617925968,0.000209477065353,-6.38E-05,1.39033983385457,-2.33970496879689
63,2.0643506626661,0.574280594300119,5.74280594201771,1.46E-05,0.00035196465587,0.063339652117819,-0.521853985186644
64,1.50591441792442,0.756286588990993,0.371655412775064,0.000112202705077,0.006088258221345,0.400933534339452,2.85970147292677
65,1.8210114736534,2.07289305668007,-2.07289305668007,0.000604308466314,0.057441545529682,19.6351674054882,102.8030835437
66,0.993666079932245,0.572465649227759,1.03169988872782,-5.68E-06,0.000378365270678,0.102558567949191,-0.332940774823543
67,1.49874192760814,0.581782267563625,0.850291764183318,1.82E-06,0.00085373554149,0.115555109896263,-0.211730680063973
68,2.0742965682502,0.468221212142627,1.28042494671858,-2.3E-05,0.001036079348686,0.044769458276318,-0.289971917297789
69,1.56308863937099,0.465781369815075,0.757541564217304,-1.61E-05,0.001108574985119,0.041200892863655,-0.0296021868436
70,1.64115921419746,0.024829856238865,0.5,-0.55489855149885,122237.502867507,-377768.669098139,612741825.335428
71,0.999380264226447,0.085252238028352,0.85252238027905,-0.214583663303168,1840.79534778881,-80085.1485662695,11018954.9526653
72,1.01330299040359,3.62311315803294,0.118212209117943,0.000440859472927,0.192297767303599,174.47000954921,912.956840945311
73,1.71240582561124,0.100727464376451,1.00727464375012,-140.250663584,85495.9401382862,-2816816.01893864,277627625.556736
74,0.985844907268045,0.480273721721084,1.06430988191898,-3.98E-06,0.000292010264765,0.050254886803573,-0.245077181405971
75,1.1968595246245,0.023547121724572,0.5,-3.69E-07,0.061791851311429,-0.163294044583633,294.50581256444
76,2.13361567783299,1.3544741611125,99266453.3938726,-8.29E-05,0.466677744186898,3.30034467412699,364.788893520358
77,1.21657063946977,0.461902953482498,1.24285031826948,-4.82E-06,0.0002350005756,0.042388909775456,-0.274154535978949
78,1.32376864284533,0.776605629123111,1.57462259933565,0.000299772325377,0.000554709171444,0.431435329797134,-1.08098402622954
79,0.905330220348822,0.4219319374323,1.48818985523447,-6.81E-06,0.000279505968065,0.029430844851167,-0.263179073610735
80,1.08728449054157,0.498260481974989,5.13878641344982,5.74E-06,0.000137151389253,0.061971454286676,-0.488483649287097
81,0.969319046633778,0.482517305750211,2.19545238313438,-6.24E-06,0.000223234084898,0.052673391209155,-0.410803427766755
82,2.9163089752215,0.858149393190256,3.30617749472356,-0.000144481775828,0.002388937292837,0.537876655651593,-1.3994550829546
83,2.01390144916426,1.81688094703045,147008575.271492,-0.00121799268434,0.365514321036619,10.0618369473732,244.018921867753
84,1.98663956761112,0.382138934801565,1.16722705506251,-1.08E-05,0.000724908122879,0.019547006779273,-0.172945320685024
85,1.20984854156483,0.383359760038418,1.65432234377491,-1.18E-06,0.000397470577547,0.021436320213368,-0.239127287339137
86,0.970853856895622,0.582319834070563,1.09114112293122,-9.44E-06,0.000700087772793,0.110990168422829,-0.381694610080031
87,1.31772724232139,0.415106722608613,1.01694004650064,-6.45E-06,0.000411177500012,0.026821295109087,-0.161731218362432
88,1.28051843884345,0.529207244167394,3.5932399090662,-9E-06,0.000190844515298,0.077204817988285,-0.534058503209409
89,0.947407506963642,0.526385011908223,2.69500336237743,-1.34E-06,7.92E-05,0.076088393212097,-0.513544079786578
90,1.38907267772611,7.91932940256702,275027718.669564,-0.052593893031232,18.0123772302449,3716.88365486438,73982.594245382
91,1.81006168336139,0.447124219286577,1.62394639783678,-1.25E-05,0.000780023845967,0.038647836251079,-0.317482513407922
92,1.04567005871379,0.535905992903196,2.43208210261326,6.37E-06,0.000265025912742,0.083557691888713,-0.529597888739956
93,1.28972884203573,0.934397007636892,2.61302443221183,0.000244732445432,0.000216601564303,0.824531170561582,-1.69111730026144
94,1.16127540185325,0.440416548853269,1.28741264554779,-5.42E-06,0.000655590676303,0.036613432464105,-0.265734075713519
95,1.06342374517213,0.531822500055523,0.461402375063215,-5.67E-06,0.001367324244183,0.074405722974214,0.782297476665941
96,1.08092786423054,0.686270947768765,3.05704010472307,-1.26E-05,0.000262927552703,0.219126388942465,-0.885858068241148
97,1.02986003673745,0.946642621947413,0.42206584979324,0.000601705959989,0.003447107703415,1.48818359934062,2.13277379154633
98,1.20115856610408,0.481688759997552,1.73528452072198,-7.82E-06,0.000380661421436,0.052100279797062,-0.379576862482883
99,1.30061415596541,0.402902875018466,4.02902875018466,-0.002604161682629,0.015085167070068,-4.98206834173846,30.5285214792893
100,1.3921239509178,0.554395483123998,1.31661938864965,-8.75E-06,0.000956986273465,0.092795876653628,-0.431992252467927
101,1.89067063706982,0.800873940647324,4.9708107789833,2.65E-05,0.000145923248203,0.415066118577373,-1.26257991651164
102,1.65091202699158,3.11095792397673,-3.11095792397673,-0.002052262297521,0.268526262169513,87.8905295332739,736.177209539815
103,1.39162772405155,0.409627888625912,1.12756419080409,-2.4E-05,0.001240294320077,0.025274900324049,-0.186866064413408
104,1.45299665472898,0.527979752710809,5.55823447121522,2.05E-05,0.000206024651172,0.078370694578114,-0.55088224185558
105,1.76142615749342,0.386711155354884,1.42108632651376,-2.38E-05,0.001293874060197,0.020815606081183,-0.214859937165332
106,1.98728839141786,0.48591735190882,1.87329544974423,-8.7E-06,0.00044727011392,0.054324561398186,-0.398945788049725
107,2.22596434702185,0.544576889939269,1.19637537698885,-5.39E-05,0.002144642866668,0.082267785817787,-0.367070014477217
108,1.22585309126906,0.467989200736778,0.937500463791004,-7E-06,0.000417172707014,0.043447287844746,-0.168666361228371
109,1.90246178597581,0.351351162834164,3.73842037951479,-6.69E-06,0.000238966992005,0.014919976315948,-0.235488852459911
110,2.00565155202901,60.7319506765923,54293250.4865679,-467.726087542152,277705.552092179,13031511.18031,339939554.10488
111,1.6048824525499,0.818991809540701,44121777.9413192,2.84E-05,0.044597250347932,0.49412451083117,68.0052490508843
112,1.49628244719532,70.0418401466417,12880298.1201097,-609.964273151141,126873.620806832,22063660.1440756,416778990.374141
113,1.16775365818731,0.678299154007588,12006362.7893738,1.85E-05,0.040223607974698,0.276932668274922,141.207932694858
114,1.48845817988551,0.50704814263189,3.28896101373824,-8.24E-06,0.000238427174621,0.06515074005483,-0.48675197440986
115,0.981173500973426,0.41237946032039,1.13437967352083,-6.7E-06,0.000322745169511,0.025807778600063,-0.190130855016352
116,1.57556559329957,0.563914965400244,1.51345567681496,-1.02E-05,0.000734547183336,0.099099942615797,-0.490835138348801
117,1.58625824804174,0.491137534603334,2.49959935723435,-1.44E-05,0.000508768242238,0.05694791392776,-0.438722839901712
118,1.97561378836602,0.381602493788559,1.50900135489797,3.01E-06,0.001166168257429,0.021367550029645,-0.228406747945364
119,1.58636633839826,0.954320730992662,14341879.3612509,4.8E-07,0.06235919353451,0.830239911340098,103.915998977873
120,1.10533830881861,0.376656693646581,2.00099580418144,-5.87E-06,0.000202164667746,0.018837534653706,-0.239359124424687
121,1.14243434321744,0.430134776044166,0.835723649068755,-1.44E-05,0.000928677080571,0.029765331571476,-0.081734337180113
122,1.50733927118035,0.387657835087641,1.53480055844592,-1.82E-05,0.000862926600395,0.021019382373265,-0.226526327887043
123,1.49456825224912,1.60108571301228,96495980.5147366,2.25E-05,0.078440370131815,6.63867014343354,229.585495707511
124,1.67255815648805,0.431353458614631,1.45177839635016,-2.05E-05,0.001115884251133,0.032825483227801,-0.27432565938181
125,1.02246388238544,0.356024424038458,2.05900760954521,-3.58E-06,0.000161653973349,0.015266534703665,-0.217374744228237
126,2.27070799616404,0.761487329280967,2.36342857044197,0.000106748780277,0.002028969554411,0.341246853006209,-1.06458073303628
127,1.21787968351599,0.396784585283137,1.98392292641569,-0.000790012082752,0.007301081201771,-1.54749827770618,9.67181673277089
128,1.83537707021325,0.098745628228978,0.987456282252147,-0.003292291309482,3.59763661923085,-77.7490842021819,7973.68356605618
129,1.09460965083364,0.489707094945541,1.5377809898604,-9.83E-06,0.000525863452646,0.055455487992768,-0.369722202397539
130,1.19016775147128,0.457673510908601,0.572727096155474,-2.04E-06,0.001138503769175,0.042723607615416,0.225115136354252
131,2.10591754850928,0.7632158757466,2.95640052064555,5.14E-05,0.00063114817285,0.344066065495378,-1.10655515618338
132,1.35097417469113,1.0544280808951,6.70512115070014,0.000637208108852,-0.000306754051476,1.29381711910326,-2.25140288566389
133,1.29154138588293,0.376049661785217,1.83308207270844,-4.73E-06,0.000420475188822,0.019483922327248,-0.23713140225601
134,1.42045853364497,0.657272951494986,0.866428834546877,-1.09E-05,0.0010881221485,0.180714295351406,-0.274953197606282
135,1.29513025472971,0.840212084049846,3.16700076558115,0.000126464623494,5.86E-05,0.535270949157198,-1.39479816941997
136,1.23770055545101,0.536200918598684,1.99065265285627,5.27E-05,0.000314597063355,0.090272386216222,-0.529574262033825
137,1.24750401184547,0.300884832524641,0.282099145244315,3.3E-06,0.002104377744883,0.009948826876041,0.936031225776259
138,1.04808870739723,0.406561079365012,4.06561079365012,-0.059615061444512,0.203176844171439,-189.881559568088,1148.59969070371
139,1.40477958482318,0.522422599648398,2.31717988538894,2.22E-05,0.000188157254685,0.078657124579099,-0.510514904647058
140,3.2417182063368,0.729694968315398,4.75383550935804,0.000993563817624,0.000323489921721,0.294113537133201,-1.06145638873895
141,1.78502735432074,0.850768509494616,0.077156036435404,2.83E-06,0.101126651646232,0.527298070151405,120.133517322568
142,1.86366949921692,0.11983979008073,1.19839790080531,-0.002631681794296,2.05956239978386,-34.6783879503947,2414.65027363136
143,1.84545739140572,0.629231395375131,1.0436435651334,4.72E-05,0.001007909494244,0.171948434784989,-0.467686602810393
144,2.50474537121004,0.917583305628992,3.12835569559149,0.002933260204659,-0.00057974171093,0.792640876316099,-1.70047596525089
145,2.39623204264159,0.37735831326348,1.62144122606542,-5.77E-05,0.002209597359433,0.018552536084265,-0.218768492852505
146,1.58874141298078,0.469090597635196,2.1359736106268,-1.62E-05,0.000588127284183,0.046902701722935,-0.385018243711103
147,2.25577328500399,0.783969600154895,2.75045321281311,0.000139335944673,0.000680642102663,0.390193433991286,-1.16839949694378
148,1.67315372835616,0.835026339544312,2.44620125341445,5.42E-05,0.00050339935406,0.497048179305293,-1.29368282948756
149,1.28965214801263,0.403932340339401,1.14408728560931,-1.04E-05,0.00067288748893,0.024497106673419,-0.188899723210371
150,2.84034363468299,0.939532734256601,3.63258410655604,0.002253788626943,-0.000873994202126,0.865162075357661,-1.79877952445575
151,1.75172438007999,0.558971800535945,2.54474859579716,0.000234171571244,0.00014388448766,0.109924765724528,-0.617341270590591
152,1.43061694029771,0.452772719363363,1.36497434527944,-2.13E-05,0.001040263735783,0.039521974681939,-0.287936958866647
153,1.44046273277901,0.928103434348624,0.900537272267895,0.000957080722286,0.001612666164973,1.09254958821793,-1.1321028917941
154,2.57009979845213,0.473498027085433,2.43104372472932,-4.99E-06,0.000689452713839,0.049981853736168,-0.409200076732684
155,1.55281944205682,0.514704746519035,3.7097691393165,2.27E-06,0.000485527937603,0.070271454656505,-0.51092584292335
156,1.35127895858778,5.21967323768722,0.282670091865305,0.124450193167313,0.11108398454945,1106.80017634319,270.871537808598
157,1.15877223490828,0.491751120802169,2.3941047924408,-4.84E-06,0.000191426203068,0.057287233898482,-0.436555548465876
158,1.12024635951394,0.488000609653758,1.91408908973024,-9.08E-06,0.000353400121327,0.054841868471163,-0.403495993715039
159,2.03726791062147,0.746436969530828,4.46846995144616,0.000391821150779,-5.99E-06,0.325917584797215,-1.11457306555681
160,1.50243148840596,0.903146003487709,0.192259224149853,0.000134235377137,0.020624009119336,0.80774397825008,20.2504573512281
161,2.1831949326689,0.48087705487023,0.676024410040734,-2.12E-05,0.001561868986682,0.046185347957855,0.074015873888283
162,1.4477953978499,0.42221920235992,1.32804632352649,-1.02E-05,0.000525905821894,0.029581904797888,-0.24333847811704
163,3.22021300278223,0.704123736567345,1.17747847143811,-4.33E-05,0.003901500639407,0.24174451849526,-0.62582270302248
164,2.62652300346499,0.56271909518489,3.84605457767112,-5.14E-05,0.000834221996036,0.098631229550277,-0.606747595874249
165,2.505086938162,0.778328438223841,5.36986987242063,0.001126741533149,-0.00058619775967,0.385232273900523,-1.22108218586634
166,1.85399745376089,0.584634675401586,2.25734687614223,-4.96E-05,0.000882417260318,0.112316843983321,-0.60345195179138
167,3.25304691452315,0.373668140340593,1.68478633502011,-5.34E-05,0.002937623809362,0.018470556912495,-0.222815501784545
168,3.30876577076218,0.573899076270997,3.87838348881852,-0.000185258296313,0.001494310004995,0.10415042601948,-0.623812891485478
169,2.60869966543604,0.38789994584187,0.838062308420554,-1.84E-06,0.004321430253605,0.022548610450876,-0.086091902246918
170,1.77641922503325,0.505318384862437,1.15709578138811,-1.09E-05,0.000565925042906,0.061217100444104,-0.304601265436163
171,1.15216283927909,0.391715090190993,0.499999999999189,-0.000611888152584,0.012666560046902,-2.98332865458994,19.2894347673352
172,1.97076610403131,0.487510603176993,2.22944561943703,-6.12E-06,0.001107304622391,0.056214705603701,-0.426379417206424
173,2.52418637450547,0.468929477681367,2.6442651400791,-3.9E-05,0.001699547945174,0.047547253843092,-0.404688373148649
174,2.74081891751082,0.374668903158685,3.25724121196841,-9.73E-06,0.001134955382495,0.019584895217968,-0.266663638395233
175,2.12345364325967,0.455893672436241,0.357529892511062,5.45E-05,0.011036170511247,0.051028074355315,1.17069328450284
176,3.99255066453179,0.351131827526623,3.51131827526623,-3.27E-06,0.00249497312176,0.012574695288483,-0.225283439235543
177,1.79952552486038,0.726841454137345,0.261556162660365,-6.57E-06,0.009585301597577,0.273800088070225,6.67573623179569
178,1.77373101128597,0.467803601929388,1.53855846375965,-5.71E-05,0.002646241586569,0.045682625817098,-0.335254375440473
179,1.44225418613618,1.44984861038101,39564041.3857758,0.000357897426441,0.058348865418133,5.27027781705896,134.63720513286
180,2.24003687470808,0.700912343852692,0.703368624769976,-5.13E-05,0.003851391189161,0.22777204645836,0.03773979368642
181,1.21865652258974,0.383176942485321,1.41581548434542,-7.14E-08,0.000452529420869,0.021545879396707,-0.220324061076609
182,2.59851110493364,0.365911273497788,1.61008952035339,-2.36E-05,0.001985374479943,0.017252998851775,-0.211148199369979
183,2.06536604632698,3.02491390732896,298228282.596537,-0.005663098561291,3.05460951469989,77.8649777573522,3142.20584065072
184,1.60805986012418,0.788172570595564,0.241067018004727,-1.79E-05,0.014554050351828,0.372752745897634,9.46830678354438
185,1.43949010113495,0.460491355619103,1.2510365905222,-9.52E-06,0.000495129522378,0.042104742976836,-0.275330039169083
186,1.29554736003383,0.517813202004368,4.01379478489407,-6E-06,0.000134201008916,0.071001861246601,-0.516300968013396
187,2.33318335635909,0.656835184882893,2.48571165758611,0.000527714122869,0.001804773703362,0.198221148840311,-0.821526494017212
188,1.12001056570561,0.059218655086384,0.592186550860763,-2E-05,0.025760745147883,-0.167570704834446,47.7803297423042
189,1.15911996373723,0.465947160241249,1.20142890345339,-1.49E-05,0.000739193640685,0.043794371640751,-0.26867816535954
190,2.3659012958647,0.577818377926139,2.90143569065758,-0.000146519201914,0.001613253401355,0.10654378385237,-0.613487006721221
191,1.54810467163882,0.537333206694353,2.22601256956232,-4.27E-06,0.000491916544089,0.08284144661715,-0.517381186674066
192,2.69070686832938,0.964065992147659,0.614090419504388,-0.000529577261325,0.014855811778039,0.772556661547716,0.701503653480889
193,1.82483369426379,0.40688984980749,0.48249416172532,4.4E-06,0.0025391052949,0.028628063383397,0.372603515800777
194,1.97123626655673,0.614983930596882,2.31692470757619,-4.62E-05,0.001021016135485,0.139417234945934,-0.67643993887503
195,2.90352367083924,0.381772090260096,1.66112460052446,-4.11E-05,0.002082713195256,0.020038390995664,-0.230527961501584
196,1.55739116319826,0.115824404015919,1.15824404013607,-24.560833470595,9419.04212896758,-305028.66704086,22737384.6204517
197,2.26331824492395,39.8543751155477,35606730.6563963,-4.94036832940795,289780.109962058,2517957.77074609,291252322.376775
198,2.60575995373496,0.974258228811708,5.78841696459235,0.003029741278624,-0.00099317963033,0.939367927364347,-1.91095493897532
199,2.94626961347871,0.514728434162412,1.20710920079148,6.05E-05,0.007944899534852,0.071542462079231,-0.353168176162604
200,2.02585662828678,0.63534613074156,2.02956081221142,0.000329691162218,0.001535753764801,0.176575643436315,-0.743835656249035
201,2.23924216764771,0.542607379925874,0.718873775031787,-7.65E-05,0.006864254105096,0.080090067815664,0.002868762900449
202,2.2324518196153,0.437154791817641,0.79596957732617,-5.4E-05,0.006792846528023,0.03402092339625,-0.067711527057588
203,1.87943294260553,0.119879877342407,1.1987987734235,-4.19E-05,0.006811628797546,-0.052616359888833,3.64686899245216
204,2.97271359445437,0.53086644024491,1.45052381746176,-3.67E-05,0.003897981316317,0.078116521086371,-0.425081491444859
205,1.25586060161072,0.374619444099048,1.27922426764366,3.87E-06,0.000426542106361,0.020425433469755,-0.200171154210522
206,1.56115571084247,0.389984914484612,1.46608416445238,-1.41E-05,0.00054255923554,0.020920643011814,-0.219217314402338
207,2.00582148406267,0.477597806856328,1.51418819854972,-1.22E-05,0.000542883964039,0.049551036653591,-0.3459735367085
208,1.98806442379756,0.399387760970185,3.99387760970185,-0.000703393597823,0.004953635326763,-0.423872716563291,2.49782228398095
209,2.07525129115867,0.620270483825258,1.57815803206411,6.77E-05,0.001187304165849,0.155678618772077,-0.635161732778923
210,1.59829676661026,0.768510209666312,3.19240382098211,-1.72E-05,0.000522880054454,0.346801569285959,-1.1198557188599
211,1.7627138756355,0.415278853582252,1.6227167510252,-2.11E-05,0.0015826892181,0.028796075535893,-0.273982348455469
212,2.65200065008083,0.819023381733632,2.50648376190831,6.44E-05,0.00127137003507,0.455002669429967,-1.242346307064
213,2.27387296803974,0.785326896426934,7.18467526768487,-0.000122407933001,0.000585015269853,0.376587384404426,-1.21541699310892
214,2.30304502580356,0.865255877427959,5.55677951162894,0.000181714551285,0.001084985981035,0.56382089284605,-1.47752712178467
215,2.15256914948359,0.424308707035505,1.17571291908427,-2.96E-05,0.002218360496754,0.030538979064891,-0.219564455564455
216,2.4598399888088,0.38429966649812,0.709775644273117,6.38E-05,0.009104451247726,0.023770373108145,-0.015794804641346
217,2.52083351183282,0.755538840210533,5.59954218731338,0.000420935378951,0.000455087805214,0.33226387301289,-1.13475128886369
218,2.11011679942742,0.463139996593817,1.21148793755627,-1.93E-05,0.000904489734071,0.042550628270769,-0.267017520626746
219,1.78757916041341,0.486576533927117,0.930378332597136,-1.39E-05,0.000832428072608,0.051140563749595,-0.179680995425619
220,2.11620110958363,0.71611719400618,2.51695883197894,0.000841472960441,0.000645566907782,0.292164824361597,-1.00326381646521
221,1.3447805795878,0.464200134513436,1.65807800062977,-1E-05,0.000503711867512,0.044711275877293,-0.344669755412253
222,2.65254821023841,0.387017298671386,1.44827038853877,-5.11E-05,0.002025531773157,0.020280192528807,-0.214099416693351
223,1.69495907590038,0.541374606019928,2.37558865900207,8.84E-05,0.00025365863307,0.094058579252287,-0.562771034214606
224,1.2801153581753,0.47605629455101,0.930091861314205,-1.65E-05,0.001016413739543,0.046792723333538,-0.171553109692468
225,2.44976077213469,0.377438354486131,2.70761817932992,-5.92E-06,0.00116504948143,0.020192453383301,-0.264770128458301
226,3.21379792029718,0.937322664623021,4.44911587613793,0.003517013687779,-0.001366979969506,0.829416903461194,-1.77950614539768
227,2.65478344706912,0.590542497255611,3.01057859306274,0.000211111857046,0.001929842251774,0.124818881857342,-0.668237877606739
228,1.80406636755797,0.546201489686193,0.65859912340985,-5.34E-05,0.004831546683463,0.081119136941173,0.116999923792899
229,3.62701745580027,0.973291041147556,2.04767498033144,0.003676710499397,0.003579676030125,1.00683688171794,-1.78798405522383
230,1.58967645766008,0.536545506313008,2.33562250451494,6.09E-05,0.000396966240319,0.088129210065257,-0.541537938349188
231,2.661597284432,0.363061088327601,1.820487954331,-3.41E-05,0.002279408970356,0.016704617552515,-0.218818197251471
232,2.88040942370889,0.520176230445135,2.49288212222967,-4.59E-05,0.001422416321311,0.071622355284585,-0.491770207991079
233,2.03131620741556,0.046678207810552,0.499999999996744,-7.36E-05,0.923109726223391,-2.27189259838981,1042.69800559075
234,3.04490864710698,0.549048978961849,1.99987809048933,-1.47E-05,0.002821723331631,0.090474615002164,-0.52621001173751
235,3.85799424049864,0.67917547783785,5.92965028639457,-0.000353931781034,0.003156565601069,0.210836627776268,-0.905239053637357
236,2.44928799514771,0.519114671525808,0.771002079241409,-2.13E-05,0.010280832239989,0.071673914596203,-0.082131439359324
237,1.68667882856019,0.588083939931971,2.43180236807096,9.82E-06,0.000495789661715,0.120702495707708,-0.636377813599673
238,2.84513579379248,0.362642653707588,1.43212861697955,-1.27E-06,0.0003807565694,0.017074718336856,-0.197231149031257
239,3.49105852927749,0.830873385441926,7.02752102678738,0.002391055837457,-0.002134882549855,0.500909489764132,-1.40242053187681
240,2.71506818290063,0.455683042970363,0.91616613770874,-1.56E-05,0.004495304704819,0.042245585147815,-0.163729836337032
241,1.6403763122342,0.506269441824014,3.16679612093422,2.22E-05,0.000531082637363,0.066613851450147,-0.490660518594159
242,2.20911825198212,0.339830001468714,0.960932270445415,4.46E-05,0.0015747694265,0.016146322911994,-0.131669932154608
243,4.92928017139416,0.491158305149981,1.0642978585573,-0.000240395081528,0.016802282371527,0.054958683781918,-0.256269663689824
244,2.61448096286645,0.447557430839433,0.597174036794548,-7.16E-05,0.011980759523079,0.036667542689224,0.177968685413983
245,4.06186981523324,0.790116822770585,4.44063551461298,0.00070121550896,0.001252640662432,0.399048350982623,-1.23192525829345
246,5.25980617098584,0.414888507503143,1.0021055104295,-0.000298723071915,0.019573093453041,0.026765454811312,-0.156599688594302
247,2.01057190432005,0.856252975273106,4.80811957421614,0.000235399470145,0.000449588983715,0.547206062250466,-1.44787198140632
248,3.67603822740339,0.446704897845244,1.18291570643638,-0.000241458232393,0.01167040315635,0.036534070634055,-0.240353265673972
249,1.42223586005732,0.509430550003404,4.76996513280623,-8.34E-06,0.000269187122136,0.066949006590552,-0.506088567433815
250,2.06359381529146,0.680301124710379,0.992818286487208,2.41E-05,0.003052897470185,0.217842894075145,-0.464010610899444
251,3.4758756962393,0.445566551446538,0.513643340412626,-3.8E-05,0.012161182858742,0.037028803265543,0.367270578968755
252,2.5685083473006,0.633750462600273,2.12166605355242,-0.000317303473797,0.003094047457729,0.149103108238442,-0.684206086557455
253,2.71758260502312,0.399993839074765,1.08273170078856,3.2E-06,0.00141275646925,0.025903081209271,-0.185421308705875
254,1.67199947192415,0.518330022436024,1.55775363861264,-1.97E-05,0.000790206474404,0.06913473719691,-0.415391943251863
255,3.08162182123174,0.77009839561023,4.66984394475438,0.000782389090916,0.001758656624687,0.35860822578465,-1.17059729556884
256,2.49005787062294,0.862886391529903,4.39136188729445,0.000904179714341,0.000325795242367,0.576872612293465,-1.48104445776283
257,4.00211877286472,0.400717798632347,1.32964375760525,-0.000276144195352,0.013439789802282,0.02365048002383,-0.217300005505247
258,3.89745663754668,0.548435856046156,0.833320558736377,-0.00026897679253,0.023326705890834,0.085279067882888,-0.151407978096145
259,0.916333092978644,0.513109703652837,2.50522194662794,-2.12E-06,0.000109236197403,0.068437046820106,-0.481281109396937
260,5.27412040595294,0.584493909161332,1.04204560532109,-0.000388823443346,0.031778379152632,0.112721925276048,-0.357061410280965
261,2.78307530813237,0.570932129459609,0.746426114035126,-9.82E-05,0.013979289639616,0.10205288433228,-0.054115901229286
262,2.38875473664087,0.800338063191038,4.91287986650441,4.56E-05,0.000228993031183,0.414321854028603,-1.26084924578813
263,2.26630713148006,0.482241978058815,1.38778286558281,3.15E-05,0.001499665966616,0.056408391817546,-0.354474170083776
264,1.6791588439577,0.450363198975534,2.34002726848775,1.11E-05,0.000604489502853,0.041759798604692,-0.371686291128261
265,3.36941171714102,0.340972288393968,2.06598100922122,5.23E-06,0.002325816706404,0.013576976784688,-0.205803072794828
266,3.95931746353011,0.370312748880967,3.70312748852545,-9.81E-06,0.003462906954886,0.01070546495761,-0.215198660694019
267,3.95130088972846,0.352326435035904,4.04564151934954,3.11E-05,0.002740397234032,0.015488127288484,-0.241319934155334
268,3.57007640585712,0.863898286887161,24.4386228084635,0.002109984859428,-0.001834323722206,0.559640558686155,-1.49494137704597
269,3.8920232311425,0.562532545724367,5.62532545702515,-6.02E-05,0.002351701707068,0.073073949510305,-0.547365908596609
270,4.1687656527271,0.797538893513682,3.22506531391008,0.004477484278238,-0.003355960637247,0.472891002142988,-1.32333487723654
271,2.19464721401056,0.557456803690521,5.57456803690521,-4.15E-07,0.000336899594775,0.064268045405114,-0.51756861967992
272,1.65296068480209,0.929738805847442,0.193183982604578,-3.34E-05,0.019865571970292,0.708150696448709,21.4779776200583
273,1.9995938442752,0.641400586520112,6.41400587793744,-1.46E-05,0.000624973474857,0.221511915380478,-0.949836040655511
274,2.75553886386271,0.660378504426571,6.60378505793477,-6.36E-06,-0.001895404791891,0.006566283034364,-0.451156605871445
275,7.00238290410607,0.760615502646816,1.98904761442419,0.002919532521943,0.019399528275237,0.352119917070808,-1.04134655712391
276,3.13237991980133,0.448855299879322,0.643385477650063,-0.000124620316811,0.020360066283277,0.037519946331616,0.098731081222168
277,2.93072672609193,0.480722225171445,1.34913238947252,0.000130114890754,0.00174403375781,0.060503150688011,-0.367037138146349
278,1.77332683836681,0.373298099176353,2.65788203233661,-1.89E-05,0.000760322999976,0.018821784107025,-0.254724848095876
279,3.09625523720524,0.786672324422683,3.10205697055148,0.000266967272901,0.002216670759212,0.389458589948797,-1.18390948145339
280,1.96430422819024,0.398168957188178,1.42760503951339,-3.17E-05,0.001302313072308,0.022903401677138,-0.225514438886498
281,2.56191438104221,0.565683975744932,5.6568397215007,4.29E-05,0.000274683332872,0.072016476482142,-0.545051002524431
282,3.96913678393265,0.344658283486654,1.02955852447714,0.000202954607274,0.009199870444832,0.016183061378852,-0.143648472491064
283,3.21144639685255,0.406603521854163,1.13155050295405,-0.000284607876877,0.012993371903411,0.024086530384704,-0.182447693479185
284,2.07369935565192,0.741072261324657,2.38082412906192,-0.000126467599524,0.002167953641145,0.295287859352559,-0.990041270463952
285,1.89789336479207,0.524606966378703,1.88574045288251,-2.22E-05,0.00156410420602,0.074584086612986,-0.468840440822098
286,2.2674038634822,0.059782075945885,0.597820759457743,-0.000214050403525,1.15903693166182,-6.39976477652649,1790.69310396711
287,1.60499675984889,0.393392930717198,1.37145625680146,-5.05E-06,0.000410750199803,0.022852114191711,-0.22022200112979
288,3.95542553137167,0.560979183501333,0.597279013883261,0.000103165644827,0.017664930188521,0.104091379624998,0.236468491253568
289,1.66326787457797,0.158921369048504,1.58921369047279,-863.580719317146,128131.787272996,-9633810.80962136,381446397.745507
290,1.72011388092008,0.595010964338254,2.97752814322377,1.88E-05,0.000445452161554,0.126848835290515,-0.672408860244563
291,3.51166448844358,0.401312371468387,1.21698848223407,-6.12E-05,0.008407921307185,0.025109455013961,-0.208260675803596
292,2.87475917605833,0.762053972053275,3.8437200713766,6.49E-07,0.000603841124891,0.337285133895082,-1.12221827046852
293,3.48101661190709,0.488379630435102,0.946491795092108,0.000303064465065,0.010814177964022,0.063544413209757,-0.239554511676543
294,3.31159451339535,0.777861955818855,3.79467094667834,0.00120210596832,-0.000565183146911,0.400460169218043,-1.22628917308985
295,1.2576660015591,0.562265642420405,7.12345692710046,-4.76E-06,4.2E-05,0.098844436109188,-0.622579715734413
296,1.66629310568347,3.12436146174426,50769686.7753129,0.004507915541865,0.953648437978014,103.874564797532,1796.63602301938
297,2.28174174680629,22.7521055956983,310883887.493882,0.155309370545478,156187.950526405,268242.09585806,275715227.361199
298,3.73833171465713,0.384040171623702,1.84426206375453,-4.59E-05,0.00287975827985,0.02097796329201,-0.246407055768114
299,3.86563627902468,0.754345757091223,0.320928497299149,-0.00020493397608,0.051757409733834,0.30177704314181,4.42489571879194
300,1.74907306925738,0.391935656095133,1.25436442349932,-5E-06,0.000226842965114,0.021095313233533,-0.193721191140108
301,0.84114298554732,0.997275727240359,0.061941108422599,2.54E-06,0.047624932550816,1.00296475409386,257.21935537988
302,2.80067697423042,0.527231592409738,1.88671194233164,3.28E-05,0.000890616267275,0.079809279480318,-0.487071662172737
303,3.40993245789162,1.0380572574738,4.05404669866408,0.001498332945535,0.0012865351381,1.19768636610498,-2.12374706260589
304,3.09092795144237,0.66595498411662,1.9162724453597,0.000461880391814,0.003086540824953,0.210142058291221,-0.797089538785725
305,5.93008967178276,0.148936550627154,0.5,-0.001059543405708,0.128250976908464,-0.037330779366356,1.66074178883779
306,2.69055289288514,0.586151787517553,1.467518156621,-0.000214335062406,0.005306383177896,0.110755194876401,-0.506719653409815
307,2.19888183976799,1.09393594289419,0.735542898966634,0.000681448419957,0.008140362052371,1.60477661489405,-0.330425037733082
308,1.17152182525936,2.06157507449337,36957526.1131162,0.000130246003166,0.465458092134232,18.70756346159,2293.95758781334
309,2.97633084923154,0.574717933466147,5.74717933111477,2.02E-06,0.001350664195558,0.062773648264106,-0.520350701987673
310,2.78378378337928,0.697657561732307,2.96862819547746,0.000339857325524,0.001245816603904,0.246521595406277,-0.938190530913254
311,3.00682497216522,0.244165108490988,0.270713384361859,2.29E-05,0.011882884869808,0.005063528861992,0.665453030898608
312,2.71718231722829,0.362482191466037,1.71887163134526,-3.62E-05,0.001625758862217,0.016077897376515,-0.209435981332786
313,3.02094648673313,0.531731943836241,0.577028754510637,-4.77E-05,0.012777709215777,0.076732685010075,0.294920921194567
314,5.73748107227658,0.50702892282566,1.16418391337169,0.000784423675856,0.047167429117434,0.069050036090438,-0.336125288857374
315,3.3221901597648,0.538572684442052,2.08571394755326,-9.62E-05,0.004218244883809,0.082485776083212,-0.507785005851109
316,2.92166302391672,0.632296404168952,3.28229550563829,-0.000166650137728,0.002857426916265,0.1573067854674,-0.756178981930276
317,2.67375269652759,0.543511086271539,4.68532517275834,4.69E-05,0.000247073251895,0.088815751661091,-0.582629499632797
318,2.6179586685621,0.578291372429555,1.49199228679345,8.81E-05,0.002251246618832,0.117092915835253,-0.534515109249762
319,4.75918650170075,0.487478029727292,3.43330536668204,8.4E-05,0.010132802760461,0.056631814020124,-0.455790013442267
320,3.7326281195382,0.592238331208871,0.440975695312392,-8.77E-06,0.027708086542019,0.122451478729591,1.10383241940604
321,4.64061039740049,0.630832491089488,2.41370544658258,-0.000223379887213,0.009548952949628,0.156666501466735,-0.723339136240115
322,2.22606117790666,0.355767605638002,3.10807106181415,-1.79E-05,0.000828234037311,0.015677867398605,-0.237349067571472
323,1.13269928473759,0.359187345198897,2.07374350528174,-2.59E-06,9.42E-05,0.015601192477972,-0.2200627238868
324,2.04565826036629,0.524171509036354,0.993036411425316,-2.92E-05,0.002768416679631,0.072437191911129,-0.259885363616189
325,3.16925020774964,0.442133770920898,1.30979611328374,0.000329018177256,0.00616837763089,0.042954609529776,-0.30207560872124
326,3.76498237264197,0.824550916624447,1.72919773224704,0.001089100527591,0.008438473307327,0.486852878249338,-1.16908479734606
327,2.31770741731855,0.517333072126994,0.583941416517608,-2.43E-05,0.002933957950081,0.064933679783064,0.274063876521428
328,3.65197311377211,0.661491998725678,0.548760693030848,-7.14E-05,0.018136691696821,0.185694477031897,0.59101413846446
329,5.27065016795524,0.432357954801685,1.79760365372929,-0.000173208833349,0.011077917269844,0.033957657934838,-0.310777152975353
330,4.18151107518429,0.548193581808205,5.48193581350965,-6.68E-05,0.002552700434265,0.059201535250168,-0.49751568147475
331,1.63277158825111,0.42436500223041,1.17700560855326,-9.65E-06,0.000482233651515,0.029513518021311,-0.214326824456938
332,3.59221163450667,0.759491737539348,1.85193669269258,0.000791223597518,0.003517869214412,0.359785290318444,-1.03336541278729
333,4.13972130724242,0.515762709934453,0.746419538623695,0.000159672991643,0.011480043380188,0.077065493537271,-0.078814956996862
334,2.40509491081028,0.49925751816457,2.4868741324924,0.00012730561128,0.001416715083427,0.064783891658722,-0.468977805275242
335,3.59531160703259,0.591279105882331,0.850384055885993,9E-06,0.00887033903052,0.122717075184201,-0.217169086665126
336,4.21068339444206,0.371881880626714,2.23489564936493,1.04E-05,0.002236654725536,0.0192509184542,-0.249810064649518
337,5.66896300014293,0.397135531791981,1.91188500914798,-6.27E-05,0.008206887947695,0.024528045036848,-0.270096607918009
338,8.65460040115574,0.408031748953264,1.45733606771843,-0.00090192832996,0.037065399953393,0.025492200019193,-0.241472401368943
339,9.05566014450977,0.537534438690613,1.32671705663798,-0.00065254758607,0.052019271536937,0.081336152989493,-0.406330192373455
340,4.40613772252995,0.408151979167087,1.61258834533787,-0.000289824158297,0.011309082061752,0.025817279826417,-0.257698947097492
341,3.68436320262999,0.623388610688178,6.23388611024209,0.000141928858705,0.000537841472899,0.23320270600408,-0.988702626147888
342,2.39316265375945,0.374810222142431,1.21355417595338,7.51E-06,0.001250190574139,0.020284533714944,-0.189511595665016
343,5.26540625823512,0.800973678114983,5.05655128100686,0.0035055459352,0.001257592955454,0.424598852099211,-1.27845359611721
344,4.14083599929801,1.05252354332991,2.47500060726604,0.01293929439781,0.001123040818806,1.40373988891786,-2.20027762842804
345,4.43138659374386,0.386358116829604,0.637674077727458,4.89E-05,0.027478132165732,0.022927297228089,0.064200650576491
346,2.92898214146132,0.987503597441017,6.8970369727037,-0.000872560582316,0.002873125442602,0.941911585674206,-1.9205866531283
347,4.96649789823898,0.565602423856518,2.23246522602185,0.002284799885041,0.005264504755904,0.113959289744192,-0.613039508269151
348,3.93671778361537,0.849722419174528,3.26565376977,0.001697277314592,0.002156249855867,0.546656834043128,-1.4118740166544
349,3.00034384308724,0.663096289328646,3.21960526176024,0.001629959420352,0.000140982129457,0.210898178126912,-0.877874614320062
350,2.57497519354718,0.564523803160433,0.770319212201745,-7.99E-07,0.010499994693112,0.101520601519502,-0.100185669856666
351,2.33891671833178,0.078782197385095,0.787821973850577,-6.27E-05,0.029946322757607,-0.025374909866146,4.08214581400441
352,3.29128601700573,0.497701216161037,0.12516701738546,1.73E-05,0.076097084095063,0.064955334098431,15.3007838106073
353,4.18525068652253,0.444391689430607,1.7134025107823,0.000358489475077,0.006764932912706,0.041799440741779,-0.342139142128957
354,2.97465965196515,0.538341064776293,0.452949206257944,-6.52E-05,0.01576352379378,0.078068191316883,0.853054340978114
355,4.65360625865822,0.561225964403841,2.2967966394945,-0.00012645889842,0.005538314412643,0.097739519920016,-0.565593249657212
356,5.52239460732742,0.40143767666321,1.31466668457604,-0.000361247457656,0.024128950025436,0.02443337197086,-0.219665400106102
357,4.32286081621229,0.467740277519283,2.27018899325191,0.000510845304355,0.006692588803648,0.050259345068011,-0.40619507171518
358,4.6968421856309,0.362209077511734,1.9166507601071,-0.000135705502942,0.006338973877387,0.016300883689794,-0.219820369493433
359,3.43422781996242,0.409562754289065,0.768193796092568,-4.97E-05,0.014772059680035,0.027160793898691,-0.045462446000243
360,2.08166650759615,0.501681201765203,1.43231450679213,3.15E-05,0.002848804586415,0.0646428148594,-0.385870426067954
361,2.58951175055954,0.649099348385928,6.49099313347,0.000265540317542,0.000219307775184,0.238867468598282,-0.988266780737113
362,6.0356404981472,0.419930902818815,0.967180249104095,7E-05,0.021977094888362,0.031686111807709,-0.167530771769654
363,3.41790622040567,0.516726527485792,2.26783452387325,-0.000132846908239,0.005147424001722,0.069809953120753,-0.47657348532983
364,3.98608058057269,0.789256619738147,0.949737528078207,0.001559393101266,0.025842012651918,0.425943755561111,-0.617664295335957
365,2.25074291367459,0.005731220472093,0.500000000000004,-3.29E-08,0.145685710923518,-0.003896240698738,118.618226724844
366,2.79305440170696,0.546605426043976,5.46605425634997,2.38E-05,0.000829669627539,0.063064414592369,-0.509852342889822
367,3.68885438757302,0.560335604502731,1.0057220816122,-6.24E-05,0.009129207083252,0.096412702132583,-0.310670447813908
368,2.30618434846542,0.402996419567783,0.735353904362386,2.04E-05,0.00205894293841,0.029177320694213,-0.042209298061543
369,1.88322747539919,0.79947725193026,7.99477251272035,-4.5E-06,9.05E-05,0.106835547590326,-0.806312790024956
370,3.51795950575562,0.766760193804276,2.01686989688062,0.000677501624366,0.006264208925492,0.358834345105381,-1.0539516861729
371,1.25025745816631,0.441603780379248,1.19198272232594,-6.54E-06,0.000310899058817,0.034801481507351,-0.236553391381066
372,2.40691382739115,0.515175896665217,1.59915186333137,-8.52E-06,0.001078900200755,0.069596252858131,-0.423856797189806
373,2.54600579241014,0.545238750112114,2.86015988780494,-5.79E-05,0.000935079567844,0.085542052880371,-0.548763964296263
374,3.01560232936624,0.585482893380596,2.36922764980617,3.52E-05,0.001192572176933,0.119164068359419,-0.629368982921574
375,1.75889724010472,0.454172378069786,0.731885344020314,-1.71E-05,0.001262313376605,0.03698374549602,-0.001312881514228
376,4.26957127890661,0.574871347542658,28739294.5628015,-7.02E-06,0.106423187437335,0.108277616048912,13.542170001053
377,2.32492738357286,0.066752140734272,0.667521407341181,-154.234598968419,201541.349891366,-867558.272294006,194701034.528798
378,3.25878165252726,0.523309779059039,10.1289993757008,-2.96E-05,0.00121048068143,0.074923849492222,-0.544775328176588
379,3.76387311918608,0.345991677818312,2.82510444474952,-3.3E-05,0.003385944481476,0.014171475072659,-0.223096384939561
380,4.87122730981489,0.484022625974504,0.850807698311697,-0.000478367362814,0.032520284652676,0.049813946355952,-0.123739124793558
381,5.05727595981172,0.396967736282667,1.4334447747459,-0.000110495927666,0.010898154788312,0.024001948065158,-0.233247695436066
382,2.43776043024425,0.335984851112785,3.27204408788518,-1.31E-06,0.000467533626027,0.012712924541059,-0.214959634102905
383,6.09478163159347,0.841585435778562,2.54566634705219,0.017264591287031,0.001126665308222,0.573013881557867,-1.41187493514782
384,2.30438069106901,0.549048365986361,0.255162326358675,-3.93E-06,0.017434739695956,0.089831423055634,4.03061812105588
385,5.9522297677255,0.4682954420339,0.511245785674486,-0.00032056044622,0.084135605992774,0.044840418431307,0.415022270730474
386,4.21430118991266,0.783255486433348,2.53135961893744,0.001148178237914,0.004276067646927,0.394184590211054,-1.16062894717751
387,5.80040945704346,0.398471970946036,1.44774843088321,-0.000201417314373,0.018866712344485,0.024344549335007,-0.2363939583823
388,7.00843366939283,0.674967830149894,6.74967834014485,0.00199620832663,-0.003087440474325,0.294508255871229,-1.10202619140536
389,1.50945195210124,0.460594378572583,1.0816075452708,-9.99E-06,0.000706926826197,0.042264238517971,-0.230217827635323
390,7.57759179427424,0.8353212042549,2.59681015036174,0.027608059235217,-0.010447334576761,0.578491431548138,-1.43019361722823
391,2.27950255724362,0.972936005086001,2.16917638142026,0.000165627423211,0.000911420964647,0.92668791916066,-1.72466856281397
392,2.66717655789419,0.354529339282593,4.67537886440152,9.99E-08,0.000665709213957,0.01579910350982,-0.245638931404807
393,1.3771256355237,0.4329224854967,0.902041806602882,-7.48E-06,0.000421668128432,0.030627747536976,-0.121222313060363
394,9.15856623904586,0.355031684759576,4.78609329530892,-0.000283684210555,0.017363905941619,0.015784709964883,-0.245774443475061
395,7.96592027822759,0.563519138185622,1.39888453475925,-0.000666004190294,0.020028420878028,0.09482332248193,-0.454158123285943
396,5.08810793653679,0.445757674803938,0.889471561866889,-0.000234626142239,0.013367356899508,0.034659746821378,-0.122681217816356
397,6.42562697531144,0.179297087230303,0.5,-0.001054085294442,0.083520453192194,-0.050439434583586,1.53685543532815
398,9.01008891249719,0.56341295907581,2.22380432604148,0.001433649994521,0.026428395738532,0.103735036260946,-0.580107469840591
399,3.56591217627204,0.455903964016516,2.23167354700204,-6.53E-05,0.003950007807635,0.042452296423574,-0.370376758137391
400,6.20425546579633,0.113755733936404,0.49999999999761,-0.000607985798293,0.149351706894116,-0.026921633227847,2.06749778600699
401,7.30672325535714,0.480066678951899,0.967653203823884,-0.000446018053154,0.022342094422789,0.047746412689112,-0.192070032207838
402,9.98570596723036,0.495926826839261,2.01043634069021,0.000242409504822,0.069291012962987,0.060698052721368,-0.431891821577834
403,3.89926704199378,0.389939732623503,1.54960889669284,-0.000120566939895,0.006633811129267,0.021815469398423,-0.232322102540526
404,2.85509539571871,0.522030831112462,0.815497290837601,-3.56E-05,0.003550358283092,0.070005756028267,-0.119843980438075
405,5.92255765654632,0.787433804375612,2.53519209656589,0.003923932126911,0.006420818825848,0.41386684928728,-1.19199306027571
406,3.02846471267468,0.509304506264148,0.722673843854895,-0.000214788382332,0.018865697840628,0.061375168217485,0.000189963297525
407,5.19976303305577,1.04596461352166,6.45095994531326,0.015483356754427,-0.008581768662723,1.26729119435852,-2.22708337260992
408,7.64199679257203,0.415122840253274,1.48410652969098,-0.000512249172249,0.03777603337643,0.02854597260119,-0.25980151339651
409,6.08929388698909,0.765663949601214,4.14990466346313,0.012847423212326,-0.00858121257911,0.375230085430716,-1.19355668086986
410,8.97934872621037,0.609099231136984,2.1617597096015,0.00818475931544,0.022955773040033,0.151885942314018,-0.702054907565302
411,6.22867762687896,0.899979600957292,3.16173748969149,0.037245548284536,-0.015425341855254,0.749392955064436,-1.65858037216836
412,1.09996665387862,0.663484604327374,0.181840650304106,5.82E-06,0.007562073620645,0.20401583919191,12.4091408735271
413,4.27663200794661,0.356951340090226,2.70079455314492,-7.29E-05,0.003177891036306,0.015746810175724,-0.233562403851609
414,3.14271751238574,0.381992353985522,1.32392135512232,-6.25E-06,0.000851929332742,0.020648911703074,-0.204211042140143
415,4.68383526337492,0.851428510249924,6.14058560245071,0.005584268747045,-0.004181455949499,0.555074246859864,-1.47198780584687
416,9.18446561687868,0.50160327785316,0.40915468019569,0.000745356452469,0.274216865573787,0.067346349643305,0.983417259795229
417,4.12653321704366,0.353873224255068,2.11131636669141,-1.74E-05,0.001911412562285,0.015405747853815,-0.220166769282508
418,8.49229268845188,0.368010837951232,2.88497570310869,-0.000180493407887,0.017263659239782,0.01815750317774,-0.253234549409201
419,9.60796861550804,0.672760340374165,2.47164985646862,0.004100159976759,0.016341251372583,0.216748555726774,-0.857801366474838
420,2.9908024452391,0.531027327873483,2.86504270512556,-1.11E-05,0.001471090785418,0.079252354932739,-0.528683929810672
421,3.61172012195895,0.38981959600248,2.09042727038853,-8E-05,0.004280080807856,0.022351574289845,-0.264312718909138
422,6.4758971829902,0.514949136463162,2.11720711412919,-0.000376201252774,0.022292224589141,0.069250616568982,-0.467184272821045
423,3.19021281138633,0.427189889269113,1.22693902255659,-0.000127158999452,0.008020569753665,0.031201309059766,-0.232415654321876
424,7.18902687311005,1.03415127638298,1.53877401610439,0.015135292350781,0.028943226674399,1.30049565687101,-1.83921903228627
425,2.13139285204285,0.577155894097781,0.375852082335028,1.97E-05,0.008767040296974,0.116224612570634,1.67583682496404
426,6.79838268641065,0.753986607425514,1.96475569376055,-0.002197480829577,0.040647344220212,0.314395340706511,-0.974361169869976
427,12.1494662464862,0.596954050140248,1.43986994647742,0.000313788906441,0.051709066827911,0.128013825026731,-0.543708086159664
428,5.06327577529403,0.350551008366148,3.7306042601658,-3.16E-05,0.00400223295848,0.015026463172548,-0.236336783826642
429,4.83329806399599,0.4488115620783,0.845704827191882,-0.00034866086223,0.028983222225027,0.03697641878432,-0.103741669201407
430,8.87408798042554,0.377621239718017,1.97223216353223,-0.00052134156375,0.018631383558416,0.019062571618851,-0.239753331732011
431,5.21301691858277,0.509215139541172,5.0387295067404,0.000154958387761,0.011246164482909,0.06737014267131,-0.508902523455261
432,3.42815408000555,0.774621843974699,3.31252424953082,0.000219908706312,0.002595174467503,0.364105773963837,-1.15217755234359
433,2.4859610498595,0.355992969858558,2.21678576146962,-8.06E-06,0.001119258584224,0.015863833305512,-0.226123892748958
434,3.45249090435517,0.426573343366718,4.26573343388884,7.96E-05,0.000951499178898,0.056942335500481,-0.49489528566846
435,2.43638191788968,0.35695467627213,1.27222750076066,2.51E-05,0.001812052301618,0.017216680732959,-0.183935813796177
436,5.33924448712284,0.493415818624646,4.41463390158942,0.000397007496552,0.003000476246029,0.060341541866978,-0.478837784140234
437,2.54132274521235,0.329907271626505,1.90866907672935,7.18E-06,0.000712774508796,0.012121040164272,-0.190344553571493
438,3.34178379551274,0.748353303300367,2.35044424557878,0.003576679762701,-7.64E-05,0.368434145276282,-1.12123522650655
439,7.58750993102005,0.342702939351238,0.966738249870482,0.000350720181295,0.029431375692678,0.015149724450525,-0.121071933591286
440,3.83881593951134,0.72464918722099,1.09698360495513,6.94E-05,0.022550897481862,0.277081593689205,-0.616406494415095
441,5.03475735970106,0.637289914637079,1.20674339629064,0.001125003277541,0.01793562350462,0.18005330593025,-0.571463877848596
442,3.86925790529445,0.527142813666657,8.99550098520604,9.36E-05,0.001152872190717,0.077432695069376,-0.553101656917491
443,8.0672463520898,0.354028545625813,2.93922474240227,-0.000187366867871,0.014749963670994,0.015504161178779,-0.234533971788436
444,5.84772803894447,0.606933241698105,5.06633002927738,-0.000262449639019,0.004434572048145,0.134683376754867,-0.719643492912031
445,2.75792400465257,0.983665708727722,3.34671870949727,0.001457539903222,0.001660825943228,0.975799556203113,-1.89012665611828
446,3.3718317517534,0.523299342206053,2.12607091941774,-3.56E-05,0.002975002672033,0.074232109194223,-0.484343194042682
447,2.75696001472654,0.981061346902305,5.47722135376537,0.002132980399266,-0.001036795734409,0.982734383550336,-1.95236005588712
448,1.78575750817885,0.473573903046536,2.70470499261073,-8.17E-06,0.000460022608127,0.049706606630605,-0.415257646773173
449,2.78631196089214,0.350205387372972,6.26024216185772,-2.02E-06,0.00062740449167,0.015031172735747,-0.242073978852622
450,3.59570445942737,0.399551708003861,8111033.57148786,0.00060009291072,0.233635335342351,0.153437284962021,49.4964615413421
451,12.8757152320015,0.425212656490749,1.08345169834736,-0.000750108006778,0.049031100698548,0.030121037114672,-0.193642220766609
452,14.3682353532155,0.643951686469808,1.85136533469848,0.003439267482202,0.061809376206935,0.177883581233329,-0.722789117090213
453,1.32978627143724,1.87722709624811,115336139.187006,-0.000154769919141,0.20336452304688,11.9066425635028,665.451377894287
