id,birthtime_1,birthtime_2,birthtime_3,birthtime_4,birthtime_5,birthtime_6,birthtime_7,birthtime_8,birthtime_9,birthtime_10,birthtime_11,birthtime_12,birthtime_13,birthtime_14,birthtime_15,birthtime_16,birthtime_17,birthtime_18,birthtime_19,birthtime_20,birthtime_21,birthtime_22,birthtime_23,birthtime_24,birthtime_25,birthtime_26,birthtime_27,birthtime_28,birthtime_29,birthtime_30
1,22.4666666666667,87.4666666666667,212.466666666667,314.966666666667,382.466666666667,449.983333333333,514.983333333333,522.483333333333,659.983333333333,,,,,,,,,,,,,,,,,,,,,
2,129.966666666667,179.966666666667,244.966666666667,334.966666666667,407.466666666667,464.983333333333,522.483333333333,,,,,,,,,,,,,,,,,,,,,,,
3,44.9833333333333,114.966666666667,144.966666666667,247.466666666667,307.466666666667,439.983333333333,479.983333333333,494.983333333333,,,,,,,,,,,,,,,,,,,,,,
4,279.966666666667,342.466666666667,414.966666666667,484.983333333333,549.983333333333,607.483333333333,695,755,822.5,,,,,,,,,,,,,,,,,,,,,
5,349.966666666667,414.966666666667,479.983333333333,562.483333333333,722.5,842.5,,,,,,,,,,,,,,,,,,,,,,,,
6,0,482.483333333333,610,717.5,,,,,,,,,,,,,,,,,,,,,,,,,,
7,72.4833333333333,142.466666666667,232.466666666667,292.466666666667,387.466666666667,547.483333333333,657.5,755,840,850,,,,,,,,,,,,,,,,,,,,
8,277.466666666667,532.483333333333,687.5,,,,,,,,,,,,,,,,,,,,,,,,,,,
9,2.48333333333333,72.4833333333333,112.466666666667,139.966666666667,202.466666666667,277.466666666667,327.466666666667,379.966666666667,487.483333333333,577.483333333333,635,725,832.5,887.5,,,,,,,,,,,,,,,,
10,12.4833333333333,102.466666666667,232.466666666667,337.466666666667,667.5,735,747.5,757.5,775,787.5,797.5,807.516666666667,817.5,825,,,,,,,,,,,,,,,,
11,252.466666666667,815,,,,,,,,,,,,,,,,,,,,,,,,,,,,
12,149.966666666667,197.466666666667,274.966666666667,342.466666666667,534.983333333333,610,680,735,845,,,,,,,,,,,,,,,,,,,,,
13,0,14.9833333333333,109.966666666667,199.966666666667,284.966666666667,389.966666666667,494.983333333333,,,,,,,,,,,,,,,,,,,,,,,
14,0,825,,,,,,,,,,,,,,,,,,,,,,,,,,,,
15,22.4666666666667,232.466666666667,815,,,,,,,,,,,,,,,,,,,,,,,,,,,
16,0,69.9833333333333,279.966666666667,352.466666666667,432.483333333333,647.5,795,,,,,,,,,,,,,,,,,,,,,,,
17,34.9833333333333,77.4666666666667,620,787.5,,,,,,,,,,,,,,,,,,,,,,,,,,
18,227.466666666667,577.483333333333,647.5,682.5,765,815,,,,,,,,,,,,,,,,,,,,,,,,
19,244.966666666667,274.966666666667,287.466666666667,294.966666666667,519.983333333333,552.483333333333,587.483333333333,627.483333333333,657.5,747.5,822.5,870,,,,,,,,,,,,,,,,,,
20,64.9666666666667,132.466666666667,252.466666666667,319.966666666667,384.966666666667,392.466666666667,517.483333333333,737.5,,,,,,,,,,,,,,,,,,,,,,
21,4.98333333333333,94.9666666666667,197.466666666667,357.466666666667,449.983333333333,,,,,,,,,,,,,,,,,,,,,,,,,
22,47.4833333333333,87.4666666666667,232.466666666667,309.966666666667,377.466666666667,439.983333333333,552.483333333333,650,662.5,812.5,,,,,,,,,,,,,,,,,,,,
23,294.966666666667,387.466666666667,497.483333333333,712.5,,,,,,,,,,,,,,,,,,,,,,,,,,
24,32.4666666666667,119.966666666667,184.983333333333,244.966666666667,304.966666666667,379.966666666667,454.983333333333,507.483333333333,542.483333333333,602.483333333333,659.983333333333,747.5,830,,,,,,,,,,,,,,,,,
25,39.9833333333333,107.466666666667,167.466666666667,257.466666666667,294.966666666667,439.983333333333,509.983333333333,762.5,775,,,,,,,,,,,,,,,,,,,,,
26,77.4666666666667,632.5,,,,,,,,,,,,,,,,,,,,,,,,,,,,
27,124.966666666667,267.466666666667,429.983333333333,502.483333333333,592.483333333333,,,,,,,,,,,,,,,,,,,,,,,,,
28,0,57.4666666666667,124.966666666667,267.466666666667,459.983333333333,537.483333333333,597.483333333333,707.5,,,,,,,,,,,,,,,,,,,,,,
29,177.466666666667,224.966666666667,289.966666666667,850,,,,,,,,,,,,,,,,,,,,,,,,,,
30,159.966666666667,317.466666666667,347.466666666667,409.966666666667,514.983333333333,690,777.5,,,,,,,,,,,,,,,,,,,,,,,
31,24.9833333333333,114.966666666667,339.966666666667,,,,,,,,,,,,,,,,,,,,,,,,,,,
32,109.966666666667,247.466666666667,404.966666666667,,,,,,,,,,,,,,,,,,,,,,,,,,,
33,134.966666666667,342.466666666667,407.466666666667,472.483333333333,555,635,702.5,790,,,,,,,,,,,,,,,,,,,,,,
34,97.4666666666667,172.466666666667,247.466666666667,339.966666666667,472.483333333333,544.983333333333,552.483333333333,,,,,,,,,,,,,,,,,,,,,,,
35,59.9666666666667,112.466666666667,177.466666666667,427.483333333333,432.483333333333,454.983333333333,462.483333333333,805,842.5,862.5,,,,,,,,,,,,,,,,,,,,
36,114.966666666667,414.966666666667,690,,,,,,,,,,,,,,,,,,,,,,,,,,,
37,49.9666666666667,129.966666666667,184.983333333333,257.466666666667,329.966666666667,397.466666666667,467.483333333333,537.483333333333,605,687.5,762.5,862.5,,,,,,,,,,,,,,,,,,
38,39.9833333333333,312.466666666667,369.966666666667,452.483333333333,517.483333333333,597.483333333333,657.5,730,800,870,882.5,,,,,,,,,,,,,,,,,,,
39,74.9666666666667,204.966666666667,299.966666666667,417.466666666667,499.983333333333,572.483333333333,642.483333333333,745,,,,,,,,,,,,,,,,,,,,,,
40,17.4833333333333,79.9833333333333,157.466666666667,224.966666666667,294.966666666667,357.466666666667,427.483333333333,507.483333333333,682.5,782.5,815,847.5,,,,,,,,,,,,,,,,,,
41,22.4666666666667,232.466666666667,339.966666666667,697.5,782.5,835,885,,,,,,,,,,,,,,,,,,,,,,,
42,14.9833333333333,82.4666666666667,162.466666666667,234.966666666667,302.466666666667,522.483333333333,584.983333333333,610,624.983333333333,642.483333333333,,,,,,,,,,,,,,,,,,,,
43,0,612.483333333333,772.5,,,,,,,,,,,,,,,,,,,,,,,,,,,
44,129.966666666667,192.466666666667,267.466666666667,339.966666666667,424.983333333333,519.983333333333,620,725,740,847.5,,,,,,,,,,,,,,,,,,,,
45,0,67.4666666666667,467.483333333333,727.5,830,,,,,,,,,,,,,,,,,,,,,,,,,
46,4.98333333333333,127.466666666667,184.983333333333,252.466666666667,382.466666666667,459.983333333333,524.983333333333,642.483333333333,712.5,,,,,,,,,,,,,,,,,,,,,
47,114.966666666667,,,,,,,,,,,,,,,,,,,,,,,,,,,,,
48,64.9666666666667,132.466666666667,204.966666666667,299.966666666667,394.966666666667,572.483333333333,682.5,725,765,775,,,,,,,,,,,,,,,,,,,,
49,17.4833333333333,92.4666666666667,159.966666666667,244.966666666667,272.466666666667,404.966666666667,602.483333333333,,,,,,,,,,,,,,,,,,,,,,,
50,42.4833333333333,124.966666666667,269.966666666667,352.466666666667,459.983333333333,549.983333333333,,,,,,,,,,,,,,,,,,,,,,,,
51,0,39.9833333333333,119.966666666667,174.966666666667,242.466666666667,314.966666666667,417.466666666667,650,,,,,,,,,,,,,,,,,,,,,,
52,89.9666666666667,152.466666666667,217.466666666667,274.966666666667,347.466666666667,409.966666666667,560,715,782.5,850,,,,,,,,,,,,,,,,,,,,
53,0,157.466666666667,179.966666666667,247.466666666667,332.466666666667,407.466666666667,499.983333333333,610,680,777.5,,,,,,,,,,,,,,,,,,,,
54,164.966666666667,312.466666666667,364.966666666667,449.983333333333,522.483333333333,597.483333333333,682.5,820,,,,,,,,,,,,,,,,,,,,,,
55,299.966666666667,422.466666666667,454.983333333333,534.983333333333,584.983333333333,,,,,,,,,,,,,,,,,,,,,,,,,
56,199.966666666667,,,,,,,,,,,,,,,,,,,,,,,,,,,,,
57,154.966666666667,192.466666666667,342.466666666667,404.966666666667,494.983333333333,624.983333333333,705,847.5,877.5,,,,,,,,,,,,,,,,,,,,,
58,32.4666666666667,132.466666666667,267.466666666667,377.466666666667,482.483333333333,574.983333333333,677.5,830,,,,,,,,,,,,,,,,,,,,,,
59,24.9833333333333,164.966666666667,227.466666666667,327.466666666667,389.966666666667,484.983333333333,562.483333333333,610,697.5,755,815,,,,,,,,,,,,,,,,,,,
60,187.466666666667,249.966666666667,377.466666666667,442.483333333333,514.983333333333,757.5,767.5,,,,,,,,,,,,,,,,,,,,,,,
61,74.9666666666667,142.466666666667,289.966666666667,422.466666666667,497.483333333333,504.983333333333,577.483333333333,667.5,762.5,,,,,,,,,,,,,,,,,,,,,
62,34.9833333333333,164.966666666667,297.466666666667,362.466666666667,442.483333333333,,,,,,,,,,,,,,,,,,,,,,,,,
63,29.9833333333333,122.466666666667,252.466666666667,359.966666666667,422.466666666667,564.983333333333,,,,,,,,,,,,,,,,,,,,,,,,
64,9.98333333333333,87.4666666666667,144.966666666667,272.466666666667,352.466666666667,434.983333333333,477.483333333333,517.483333333333,620,697.5,737.5,,,,,,,,,,,,,,,,,,,
65,0,269.966666666667,304.966666666667,369.966666666667,439.983333333333,507.483333333333,577.483333333333,662.5,732.5,785,,,,,,,,,,,,,,,,,,,,
66,159.966666666667,322.466666666667,417.466666666667,577.483333333333,647.5,760,855,,,,,,,,,,,,,,,,,,,,,,,
67,0,222.466666666667,524.983333333333,670,,,,,,,,,,,,,,,,,,,,,,,,,,
68,159.966666666667,224.966666666667,374.966666666667,659.983333333333,,,,,,,,,,,,,,,,,,,,,,,,,,
69,22.4666666666667,109.966666666667,524.983333333333,697.5,745,817.5,,,,,,,,,,,,,,,,,,,,,,,,
70,0,414.966666666667,532.483333333333,840,,,,,,,,,,,,,,,,,,,,,,,,,,
71,187.466666666667,279.966666666667,544.983333333333,695,887.5,,,,,,,,,,,,,,,,,,,,,,,,,
72,0,62.4833333333333,134.966666666667,192.466666666667,267.466666666667,334.966666666667,409.966666666667,477.483333333333,632.5,677.5,725,800,,,,,,,,,,,,,,,,,,
73,0,254.966666666667,542.483333333333,675,,,,,,,,,,,,,,,,,,,,,,,,,,
74,142.466666666667,269.966666666667,364.966666666667,544.983333333333,835,,,,,,,,,,,,,,,,,,,,,,,,,
75,122.466666666667,177.466666666667,512.483333333333,637.483333333333,825,,,,,,,,,,,,,,,,,,,,,,,,,
76,610,707.5,,,,,,,,,,,,,,,,,,,,,,,,,,,,
77,184.983333333333,342.466666666667,369.966666666667,,,,,,,,,,,,,,,,,,,,,,,,,,,
78,4.98333333333333,529.983333333333,667.5,807.516666666667,,,,,,,,,,,,,,,,,,,,,,,,,,
79,212.466666666667,,,,,,,,,,,,,,,,,,,,,,,,,,,,,
80,154.966666666667,299.966666666667,429.983333333333,640,710,855,867.5,,,,,,,,,,,,,,,,,,,,,,,
81,184.983333333333,424.983333333333,862.5,,,,,,,,,,,,,,,,,,,,,,,,,,,
82,22.6166666666667,232.633333333333,305.133333333333,362.616666666667,425.133333333333,487.65,550.133333333333,615.15,692.666666666667,780.166666666667,882.666666666667,,,,,,,,,,,,,,,,,,,
83,177.633333333333,237.633333333333,295.133333333333,365.116666666667,427.633333333333,490.15,570.133333333333,627.666666666667,695.166666666667,,,,,,,,,,,,,,,,,,,,,
84,17.6333333333333,92.6333333333333,147.633333333333,207.633333333333,272.633333333333,330.133333333333,420.133333333333,487.65,550.133333333333,612.65,680.166666666667,750.166666666667,,,,,,,,,,,,,,,,,,
85,80.1333333333333,160.133333333333,225.133333333333,307.633333333333,377.616666666667,640.166666666667,822.666666666667,,,,,,,,,,,,,,,,,,,,,,,
86,72.6333333333333,140.133333333333,202.633333333333,275.133333333333,337.633333333333,412.616666666667,487.65,545.15,605.166666666667,675.166666666667,740.166666666667,812.666666666667,885.183333333333,,,,,,,,,,,,,,,,,
87,132.633333333333,202.633333333333,350.116666666667,430.15,547.666666666667,637.65,747.666666666667,865.183333333333,,,,,,,,,,,,,,,,,,,,,,
88,130.133333333333,200.133333333333,265.133333333333,402.616666666667,492.65,565.15,640.166666666667,,,,,,,,,,,,,,,,,,,,,,,
89,32.6333333333333,110.133333333333,175.133333333333,305.133333333333,362.616666666667,432.633333333333,487.65,552.65,615.15,680.166666666667,722.666666666667,752.666666666667,827.666666666667,,,,,,,,,,,,,,,,,
90,167.633333333333,242.633333333333,285.133333333333,365.116666666667,527.65,540.15,615.15,,,,,,,,,,,,,,,,,,,,,,,
91,22.6166666666667,105.133333333333,232.633333333333,292.633333333333,365.116666666667,432.633333333333,492.65,562.65,685.15,760.166666666667,820.166666666667,,,,,,,,,,,,,,,,,,,
92,27.6333333333333,102.633333333333,242.633333333333,347.616666666667,470.15,540.15,817.666666666667,,,,,,,,,,,,,,,,,,,,,,,
93,260.133333333333,320.133333333333,442.65,510.15,647.666666666667,,,,,,,,,,,,,,,,,,,,,,,,,
94,0.166666666666667,37.6333333333333,152.616666666667,230.133333333333,292.633333333333,362.616666666667,435.133333333333,505.133333333333,572.65,640.166666666667,712.666666666667,787.666666666667,825.166666666667,867.683333333333,,,,,,,,,,,,,,,,
95,62.6333333333333,280.133333333333,352.633333333333,425.133333333333,497.65,565.15,817.666666666667,887.666666666667,,,,,,,,,,,,,,,,,,,,,,
96,12.6333333333333,97.6333333333333,220.133333333333,345.116666666667,422.633333333333,505.133333333333,567.65,637.65,,,,,,,,,,,,,,,,,,,,,,
97,17.6333333333333,82.6333333333333,147.633333333333,230.133333333333,295.133333333333,372.633333333333,447.633333333333,605.166666666667,737.666666666667,845.166666666667,,,,,,,,,,,,,,,,,,,,
98,50.1333333333333,240.133333333333,320.133333333333,397.616666666667,462.633333333333,547.666666666667,660.15,677.666666666667,842.666666666667,,,,,,,,,,,,,,,,,,,,,
99,0.166666666666667,37.6333333333333,112.633333333333,182.633333333333,242.633333333333,317.633333333333,380.133333333333,445.15,535.15,592.65,692.666666666667,795.15,,,,,,,,,,,,,,,,,,
100,82.6333333333333,157.633333333333,315.116666666667,370.116666666667,442.65,535.15,607.65,682.65,802.666666666667,,,,,,,,,,,,,,,,,,,,,
101,140.133333333333,182.633333333333,360.133333333333,420.133333333333,577.65,672.666666666667,757.666666666667,840.166666666667,,,,,,,,,,,,,,,,,,,,,,
102,192.633333333333,245.133333333333,307.633333333333,382.616666666667,445.15,525.15,587.65,662.65,720.15,755.166666666667,842.666666666667,,,,,,,,,,,,,,,,,,,
103,0.166666666666667,62.6333333333333,137.633333333333,232.633333333333,297.616666666667,365.116666666667,642.65,835.166666666667,870.166666666667,,,,,,,,,,,,,,,,,,,,,
104,37.6333333333333,105.133333333333,182.633333333333,235.133333333333,307.633333333333,365.116666666667,495.15,557.666666666667,630.166666666667,712.666666666667,790.15,865.183333333333,,,,,,,,,,,,,,,,,,
105,0.166666666666667,60.1333333333333,165.116666666667,265.133333333333,860.166666666667,,,,,,,,,,,,,,,,,,,,,,,,,
106,112.633333333333,210.133333333333,282.633333333333,367.616666666667,520.133333333333,710.166666666667,737.666666666667,,,,,,,,,,,,,,,,,,,,,,,
107,125.133333333333,190.133333333333,252.633333333333,305.133333333333,375.116666666667,445.15,465.15,560.166666666667,650.166666666667,,,,,,,,,,,,,,,,,,,,,
108,180.133333333333,247.633333333333,372.633333333333,457.65,500.15,562.65,570.133333333333,662.65,880.183333333333,,,,,,,,,,,,,,,,,,,,,
109,75.1333333333333,177.633333333333,305.133333333333,355.116666666667,382.616666666667,492.65,567.65,700.15,842.666666666667,,,,,,,,,,,,,,,,,,,,,
110,17.6333333333333,90.1333333333333,150.133333333333,290.116666666667,355.116666666667,420.133333333333,560.166666666667,637.65,705.166666666667,825.166666666667,,,,,,,,,,,,,,,,,,,,
111,80.1333333333333,147.633333333333,195.133333333333,215.133333333333,280.133333333333,342.633333333333,410.133333333333,472.65,517.65,577.65,645.166666666667,710.166666666667,785.166666666667,855.166666666667,,,,,,,,,,,,,,,,
112,362.616666666667,425.133333333333,667.666666666667,687.666666666667,760.166666666667,,,,,,,,,,,,,,,,,,,,,,,,,
113,40.1333333333333,100.133333333333,175.133333333333,240.133333333333,300.133333333333,430.15,575.15,755.166666666667,825.166666666667,,,,,,,,,,,,,,,,,,,,,
114,340.116666666667,497.65,590.15,640.166666666667,712.666666666667,797.666666666667,880.183333333333,,,,,,,,,,,,,,,,,,,,,,,
115,20.1333333333333,90.1333333333333,167.633333333333,245.133333333333,315.116666666667,397.616666666667,520.133333333333,592.65,,,,,,,,,,,,,,,,,,,,,,
116,145.133333333333,652.666666666667,687.666666666667,710.166666666667,715.15,722.666666666667,785.166666666667,,,,,,,,,,,,,,,,,,,,,,,
117,55.1333333333333,110.133333333333,175.133333333333,237.633333333333,300.133333333333,357.633333333333,430.15,500.15,567.65,682.65,852.683333333333,,,,,,,,,,,,,,,,,,,
118,22.6166666666667,97.6333333333333,187.633333333333,245.133333333333,315.116666666667,382.616666666667,470.15,512.633333333333,532.65,602.65,660.15,730.166666666667,792.666666666667,,,,,,,,,,,,,,,,,
119,82.6333333333333,547.666666666667,650.166666666667,,,,,,,,,,,,,,,,,,,,,,,,,,,
120,22.6166666666667,95.1333333333333,155.133333333333,222.633333333333,285.133333333333,357.633333333333,417.633333333333,477.65,545.15,610.166666666667,680.166666666667,762.666666666667,,,,,,,,,,,,,,,,,,
121,67.6333333333333,100.133333333333,132.633333333333,180.133333333333,220.133333333333,362.616666666667,482.633333333333,547.666666666667,635.166666666667,685.15,752.666666666667,,,,,,,,,,,,,,,,,,,
122,65.1333333333333,185.133333333333,340.116666666667,402.616666666667,467.65,587.65,762.666666666667,865.183333333333,,,,,,,,,,,,,,,,,,,,,,
123,5.13333333333333,82.6333333333333,157.633333333333,212.633333333333,275.133333333333,320.133333333333,402.616666666667,752.666666666667,837.666666666667,,,,,,,,,,,,,,,,,,,,,
124,5.13333333333333,70.1333333333333,150.133333333333,210.133333333333,280.133333333333,352.633333333333,405.116666666667,540.15,677.666666666667,767.666666666667,855.166666666667,,,,,,,,,,,,,,,,,,,
125,22.6166666666667,135.133333333333,185.133333333333,292.633333333333,485.15,595.133333333333,690.166666666667,,,,,,,,,,,,,,,,,,,,,,,
126,22.6166666666667,157.633333333333,280.133333333333,365.116666666667,847.666666666667,,,,,,,,,,,,,,,,,,,,,,,,,
127,70.1333333333333,187.633333333333,407.616666666667,562.65,,,,,,,,,,,,,,,,,,,,,,,,,,
128,97.6333333333333,160.133333333333,225.133333333333,287.616666666667,345.116666666667,427.633333333333,480.15,615.15,670.166666666667,740.166666666667,875.183333333333,890.166666666667,,,,,,,,,,,,,,,,,,
129,0.166666666666667,62.6333333333333,195.133333333333,267.633333333333,332.616666666667,400.133333333333,460.15,527.65,660.15,717.65,797.666666666667,880.183333333333,,,,,,,,,,,,,,,,,,
130,0.166666666666667,107.633333333333,857.666666666667,880.183333333333,,,,,,,,,,,,,,,,,,,,,,,,,,
131,10.1333333333333,77.6333333333333,145.133333333333,225.133333333333,305.133333333333,375.116666666667,535.15,622.666666666667,730.166666666667,,,,,,,,,,,,,,,,,,,,,
132,5.13333333333333,70.1333333333333,210.133333333333,290.116666666667,357.633333333333,392.616666666667,467.65,532.65,547.666666666667,692.666666666667,712.666666666667,837.666666666667,,,,,,,,,,,,,,,,,,
133,245.133333333333,417.633333333333,,,,,,,,,,,,,,,,,,,,,,,,,,,,
134,0.166666666666667,42.6333333333333,107.633333333333,172.633333333333,290.116666666667,352.633333333333,412.616666666667,630.166666666667,687.666666666667,775.15,795.15,885.183333333333,,,,,,,,,,,,,,,,,,
135,65.1333333333333,115.133333333333,252.633333333333,327.633333333333,407.616666666667,492.65,567.65,682.65,,,,,,,,,,,,,,,,,,,,,,
136,27.6333333333333,70.1333333333333,137.633333333333,200.133333333333,280.133333333333,340.116666666667,412.616666666667,467.65,527.65,605.166666666667,665.15,732.666666666667,825.166666666667,867.683333333333,877.683333333333,,,,,,,,,,,,,,,
137,22.6166666666667,85.1333333333333,495.15,590.15,672.666666666667,787.666666666667,887.666666666667,,,,,,,,,,,,,,,,,,,,,,,
138,35.1333333333333,192.633333333333,325.133333333333,400.133333333333,485.15,567.65,725.166666666667,820.166666666667,,,,,,,,,,,,,,,,,,,,,,
139,212.633333333333,625.15,765.166666666667,,,,,,,,,,,,,,,,,,,,,,,,,,,
140,0.166666666666667,140.133333333333,220.133333333333,282.633333333333,350.116666666667,405.116666666667,530.15,592.65,672.666666666667,772.666666666667,,,,,,,,,,,,,,,,,,,,
141,30.1333333333333,117.633333333333,210.133333333333,340.116666666667,492.65,540.15,710.166666666667,842.666666666667,,,,,,,,,,,,,,,,,,,,,,
142,110.133333333333,170.133333333333,237.633333333333,337.633333333333,392.616666666667,457.65,525.15,,,,,,,,,,,,,,,,,,,,,,,
143,10.1333333333333,127.633333333333,162.633333333333,235.133333333333,295.133333333333,497.65,535.15,550.133333333333,620.166666666667,,,,,,,,,,,,,,,,,,,,,
144,0.166666666666667,45.1333333333333,117.633333333333,190.133333333333,262.633333333333,347.616666666667,410.133333333333,550.133333333333,610.166666666667,682.65,790.15,,,,,,,,,,,,,,,,,,,
145,0.166666666666667,282.633333333333,,,,,,,,,,,,,,,,,,,,,,,,,,,,
146,30.1333333333333,157.633333333333,345.116666666667,400.133333333333,467.65,545.15,607.65,765.166666666667,817.666666666667,,,,,,,,,,,,,,,,,,,,,
147,67.6333333333333,137.633333333333,297.616666666667,345.116666666667,520.133333333333,,,,,,,,,,,,,,,,,,,,,,,,,
148,280.133333333333,385.133333333333,402.616666666667,455.15,,,,,,,,,,,,,,,,,,,,,,,,,,
149,10.1333333333333,82.6333333333333,147.633333333333,212.633333333333,277.633333333333,347.616666666667,415.116666666667,487.65,567.65,657.666666666667,,,,,,,,,,,,,,,,,,,,
150,255.133333333333,387.633333333333,465.15,652.666666666667,,,,,,,,,,,,,,,,,,,,,,,,,,
151,15.1333333333333,150.133333333333,225.133333333333,305.133333333333,345.116666666667,477.65,532.65,605.166666666667,657.666666666667,792.666666666667,,,,,,,,,,,,,,,,,,,,
152,197.633333333333,250.133333333333,320.133333333333,380.133333333333,425.133333333333,472.65,507.65,690.166666666667,,,,,,,,,,,,,,,,,,,,,,
153,5.13333333333333,127.633333333333,407.616666666667,527.65,665.15,855.166666666667,,,,,,,,,,,,,,,,,,,,,,,,
154,125.133333333333,185.133333333333,252.633333333333,390.133333333333,515.15,575.15,782.666666666667,835.166666666667,,,,,,,,,,,,,,,,,,,,,,
155,0.166666666666667,35.1333333333333,155.133333333333,370.116666666667,455.15,847.666666666667,,,,,,,,,,,,,,,,,,,,,,,,
156,0.166666666666667,47.6333333333333,97.6333333333333,170.133333333333,297.616666666667,360.133333333333,430.15,497.65,572.65,667.666666666667,750.166666666667,,,,,,,,,,,,,,,,,,,
157,0.166666666666667,70.1333333333333,107.633333333333,185.133333333333,255.133333333333,355.116666666667,420.133333333333,512.633333333333,575.15,645.166666666667,740.166666666667,815.183333333333,,,,,,,,,,,,,,,,,,
158,147.733333333333,225.216666666667,310.233333333333,377.716666666667,447.733333333333,527.75,602.75,695.266666666667,755.266666666667,,,,,,,,,,,,,,,,,,,,,
159,147.733333333333,240.233333333333,300.233333333333,377.716666666667,457.733333333333,542.75,727.766666666667,807.766666666667,,,,,,,,,,,,,,,,,,,,,,
160,0.266666666666667,17.7333333333333,85.2333333333333,145.233333333333,245.233333333333,320.233333333333,395.216666666667,610.266666666667,685.25,767.766666666667,870.283333333333,,,,,,,,,,,,,,,,,,,
161,127.716666666667,197.716666666667,247.733333333333,320.233333333333,390.216666666667,532.75,607.75,670.266666666667,762.766666666667,782.766666666667,812.766666666667,852.766666666667,,,,,,,,,,,,,,,,,,
162,72.7333333333333,160.216666666667,215.216666666667,287.716666666667,367.716666666667,467.75,545.25,697.766666666667,822.766666666667,,,,,,,,,,,,,,,,,,,,,
163,155.216666666667,197.716666666667,305.233333333333,455.25,565.25,807.766666666667,882.766666666667,,,,,,,,,,,,,,,,,,,,,,,
164,165.233333333333,265.216666666667,340.216666666667,412.716666666667,482.75,500.25,,,,,,,,,,,,,,,,,,,,,,,,
165,77.7333333333333,150.216666666667,215.216666666667,290.216666666667,347.716666666667,417.733333333333,492.75,597.75,715.25,,,,,,,,,,,,,,,,,,,,,
166,0.266666666666667,62.7333333333333,157.716666666667,257.733333333333,435.233333333333,532.75,770.283333333333,,,,,,,,,,,,,,,,,,,,,,,
167,45.2333333333333,127.716666666667,197.716666666667,277.733333333333,337.733333333333,425.233333333333,480.25,542.75,627.766666666667,702.766666666667,785.266666666667,872.766666666667,,,,,,,,,,,,,,,,,,
168,130.233333333333,385.233333333333,480.25,570.233333333333,682.766666666667,862.766666666667,,,,,,,,,,,,,,,,,,,,,,,,
169,55.2333333333333,120.216666666667,177.716666666667,245.233333333333,315.216666666667,392.733333333333,690.25,705.266666666667,812.766666666667,,,,,,,,,,,,,,,,,,,,,
170,215.216666666667,272.733333333333,340.216666666667,712.766666666667,880.283333333333,,,,,,,,,,,,,,,,,,,,,,,,,
171,40.2333333333333,115.233333333333,180.216666666667,315.216666666667,475.233333333333,537.766666666667,550.25,602.75,847.766666666667,,,,,,,,,,,,,,,,,,,,,
172,110.233333333333,290.216666666667,345.216666666667,415.216666666667,477.75,547.75,667.783333333333,737.766666666667,,,,,,,,,,,,,,,,,,,,,,
173,285.233333333333,527.75,592.75,670.266666666667,700.25,795.25,842.783333333333,,,,,,,,,,,,,,,,,,,,,,,
174,12.75,102.733333333333,240.233333333333,360.216666666667,492.75,842.783333333333,,,,,,,,,,,,,,,,,,,,,,,,
175,12.75,82.7333333333333,147.733333333333,202.733333333333,282.733333333333,340.216666666667,400.233333333333,470.233333333333,527.75,612.766666666667,752.766666666667,827.783333333333,855.266666666667,872.766666666667,,,,,,,,,,,,,,,,
176,40.2333333333333,127.716666666667,200.233333333333,265.216666666667,355.216666666667,557.75,712.766666666667,835.266666666667,877.783333333333,,,,,,,,,,,,,,,,,,,,,
177,55.2333333333333,382.716666666667,507.75,607.75,645.266666666667,805.266666666667,,,,,,,,,,,,,,,,,,,,,,,,
178,75.2166666666667,130.233333333333,207.716666666667,267.733333333333,347.716666666667,405.216666666667,462.733333333333,622.766666666667,855.266666666667,,,,,,,,,,,,,,,,,,,,,
179,35.2333333333333,87.7333333333333,157.716666666667,232.733333333333,340.216666666667,425.233333333333,550.25,687.766666666667,,,,,,,,,,,,,,,,,,,,,,
180,0.266666666666667,47.7333333333333,125.216666666667,192.733333333333,310.233333333333,370.216666666667,437.75,502.75,655.266666666667,712.766666666667,882.766666666667,,,,,,,,,,,,,,,,,,,
181,87.7333333333333,317.733333333333,397.716666666667,520.25,577.75,590.25,,,,,,,,,,,,,,,,,,,,,,,,
182,55.2333333333333,127.716666666667,197.716666666667,272.733333333333,342.733333333333,560.266666666667,612.766666666667,717.766666666667,850.283333333333,,,,,,,,,,,,,,,,,,,,,
183,52.7333333333333,115.233333333333,185.233333333333,222.733333333333,247.733333333333,315.216666666667,380.216666666667,397.716666666667,425.233333333333,465.25,535.266666666667,587.75,755.266666666667,767.766666666667,810.266666666667,,,,,,,,,,,,,,,
184,217.716666666667,,,,,,,,,,,,,,,,,,,,,,,,,,,,,
185,0.266666666666667,35.2333333333333,110.233333333333,182.733333333333,250.233333333333,290.216666666667,325.233333333333,387.716666666667,590.25,,,,,,,,,,,,,,,,,,,,,
186,145.233333333333,200.233333333333,275.216666666667,345.216666666667,407.716666666667,490.25,727.766666666667,785.266666666667,852.766666666667,,,,,,,,,,,,,,,,,,,,,
187,45.2333333333333,112.733333333333,192.733333333333,277.733333333333,365.216666666667,460.25,527.75,695.266666666667,777.783333333333,,,,,,,,,,,,,,,,,,,,,
188,142.733333333333,,,,,,,,,,,,,,,,,,,,,,,,,,,,,
189,112.733333333333,302.733333333333,370.216666666667,440.233333333333,567.75,632.766666666667,705.266666666667,765.266666666667,835.266666666667,,,,,,,,,,,,,,,,,,,,,
190,10.2333333333333,167.733333333333,255.233333333333,582.733333333333,662.75,787.766666666667,,,,,,,,,,,,,,,,,,,,,,,,
191,172.716666666667,247.733333333333,315.216666666667,392.733333333333,410.233333333333,447.733333333333,542.75,607.75,,,,,,,,,,,,,,,,,,,,,,
192,0.266666666666667,75.2166666666667,152.733333333333,277.733333333333,370.216666666667,645.266666666667,,,,,,,,,,,,,,,,,,,,,,,,
193,52.7333333333333,117.733333333333,182.733333333333,250.233333333333,330.216666666667,397.716666666667,462.733333333333,545.25,630.266666666667,745.266666666667,850.283333333333,,,,,,,,,,,,,,,,,,,
194,217.716666666667,225.216666666667,337.733333333333,510.25,517.75,525.25,535.266666666667,542.75,562.75,610.266666666667,617.766666666667,625.266666666667,655.266666666667,665.25,672.75,680.25,692.766666666667,705.266666666667,715.25,727.766666666667,740.266666666667,747.766666666667,755.266666666667,762.766666666667,777.783333333333,795.25,812.766666666667,822.766666666667,837.766666666667,855.266666666667
195,30.2333333333333,155.216666666667,345.216666666667,412.716666666667,485.25,555.266666666667,647.766666666667,762.766666666667,,,,,,,,,,,,,,,,,,,,,,
196,40.2333333333333,180.216666666667,372.733333333333,495.25,587.75,700.25,850.283333333333,,,,,,,,,,,,,,,,,,,,,,,
197,2.73333333333333,80.25,205.233333333333,287.716666666667,362.716666666667,535.266666666667,,,,,,,,,,,,,,,,,,,,,,,,
198,0.266666666666667,72.7333333333333,125.216666666667,215.216666666667,297.733333333333,430.25,540.25,595.233333333333,735.266666666667,787.766666666667,797.766666666667,,,,,,,,,,,,,,,,,,,
199,22.7333333333333,75.2166666666667,137.716666666667,210.233333333333,282.733333333333,367.716666666667,495.25,565.25,670.266666666667,,,,,,,,,,,,,,,,,,,,,
200,5.23333333333333,67.7333333333333,132.716666666667,202.733333333333,260.233333333333,322.733333333333,390.216666666667,437.75,480.25,737.766666666667,795.25,815.283333333333,,,,,,,,,,,,,,,,,,
201,150.216666666667,655.266666666667,732.766666666667,,,,,,,,,,,,,,,,,,,,,,,,,,,
202,115.233333333333,182.733333333333,240.233333333333,317.733333333333,495.25,555.266666666667,615.25,,,,,,,,,,,,,,,,,,,,,,,
203,0.266666666666667,20.25,100.233333333333,260.233333333333,337.733333333333,435.233333333333,442.75,517.75,527.75,570.233333333333,627.766666666667,797.766666666667,855.266666666667,,,,,,,,,,,,,,,,,
204,32.7333333333333,107.733333333333,192.733333333333,257.733333333333,327.733333333333,415.216666666667,502.75,577.75,662.75,732.766666666667,840.266666666667,890.266666666667,,,,,,,,,,,,,,,,,,
205,42.75,150.216666666667,282.733333333333,387.716666666667,,,,,,,,,,,,,,,,,,,,,,,,,,
206,35.2333333333333,127.716666666667,187.733333333333,280.233333333333,362.716666666667,417.733333333333,497.75,577.75,680.25,,,,,,,,,,,,,,,,,,,,,
207,0.266666666666667,62.7333333333333,125.216666666667,365.216666666667,380.216666666667,387.716666666667,487.75,782.766666666667,,,,,,,,,,,,,,,,,,,,,,
208,0.266666666666667,70.2333333333333,140.216666666667,192.733333333333,280.233333333333,337.733333333333,415.216666666667,440.233333333333,485.25,805.266666666667,847.766666666667,,,,,,,,,,,,,,,,,,,
209,200.233333333333,242.733333333333,395.216666666667,552.75,632.766666666667,,,,,,,,,,,,,,,,,,,,,,,,,
210,40.2333333333333,90.2333333333333,160.216666666667,232.733333333333,365.216666666667,442.75,510.25,660.25,790.266666666667,872.766666666667,,,,,,,,,,,,,,,,,,,,
211,2.73333333333333,102.733333333333,175.216666666667,250.233333333333,322.733333333333,385.233333333333,465.25,560.266666666667,642.75,720.25,752.766666666667,825.283333333333,837.766666666667,,,,,,,,,,,,,,,,,
212,42.75,65.2333333333333,135.216666666667,232.733333333333,562.75,840.266666666667,,,,,,,,,,,,,,,,,,,,,,,,
213,120.216666666667,362.716666666667,452.75,592.75,660.25,750.266666666667,822.766666666667,,,,,,,,,,,,,,,,,,,,,,,
214,52.7333333333333,290.216666666667,362.716666666667,432.733333333333,512.75,622.766666666667,750.266666666667,,,,,,,,,,,,,,,,,,,,,,,
215,235.233333333333,380.216666666667,447.733333333333,532.75,717.766666666667,807.766666666667,,,,,,,,,,,,,,,,,,,,,,,,
216,112.733333333333,122.733333333333,210.233333333333,287.716666666667,,,,,,,,,,,,,,,,,,,,,,,,,,
217,0.266666666666667,77.7333333333333,155.216666666667,242.733333333333,340.216666666667,430.25,457.733333333333,635.266666666667,742.766666666667,827.783333333333,,,,,,,,,,,,,,,,,,,,
218,407.716666666667,500.25,,,,,,,,,,,,,,,,,,,,,,,,,,,,
219,225.216666666667,285.233333333333,410.233333333333,620.266666666667,847.766666666667,,,,,,,,,,,,,,,,,,,,,,,,,
220,130.233333333333,182.733333333333,205.233333333333,270.233333333333,405.216666666667,472.75,540.25,657.766666666667,745.266666666667,822.766666666667,,,,,,,,,,,,,,,,,,,,
221,185.233333333333,237.733333333333,450.25,527.75,605.266666666667,685.25,850.283333333333,,,,,,,,,,,,,,,,,,,,,,,
222,0.266666666666667,82.7333333333333,157.716666666667,217.716666666667,352.733333333333,857.783333333333,885.283333333333,,,,,,,,,,,,,,,,,,,,,,,
223,0.266666666666667,55.2333333333333,147.733333333333,220.233333333333,355.216666666667,430.25,482.75,,,,,,,,,,,,,,,,,,,,,,,
224,130.383333333333,190.383333333333,252.883333333333,320.383333333333,382.866666666667,440.383333333333,512.9,577.916666666667,660.4,822.933333333333,885.433333333333,,,,,,,,,,,,,,,,,,,
225,167.883333333333,235.383333333333,300.383333333333,362.883333333333,642.9,680.4,710.416666666667,830.433333333333,,,,,,,,,,,,,,,,,,,,,,
226,135.366666666667,200.383333333333,257.883333333333,327.883333333333,380.383333333333,442.9,505.4,570.4,637.916666666667,692.916666666667,752.933333333333,830.433333333333,,,,,,,,,,,,,,,,,,
227,102.883333333333,190.383333333333,240.383333333333,302.883333333333,420.383333333333,477.9,540.4,620.416666666667,662.9,732.916666666667,857.95,,,,,,,,,,,,,,,,,,,
228,130.383333333333,160.366666666667,277.883333333333,337.9,397.883333333333,522.916666666667,590.416666666667,610.433333333333,670.416666666667,715.416666666667,,,,,,,,,,,,,,,,,,,,
229,25.4,227.883333333333,290.366666666667,360.383333333333,412.866666666667,480.416666666667,545.4,610.433333333333,670.416666666667,737.933333333333,850.433333333333,,,,,,,,,,,,,,,,,,,
230,7.88333333333333,87.8833333333333,145.383333333333,227.883333333333,270.383333333333,400.383333333333,470.4,530.416666666667,582.9,645.433333333333,827.95,,,,,,,,,,,,,,,,,,,
231,170.383333333333,232.883333333333,415.383333333333,477.9,535.416666666667,682.916666666667,727.933333333333,865.45,,,,,,,,,,,,,,,,,,,,,,
232,7.88333333333333,150.383333333333,212.883333333333,277.883333333333,337.9,400.383333333333,472.9,545.4,615.4,642.9,,,,,,,,,,,,,,,,,,,,
233,32.8833333333333,95.3833333333333,337.9,727.933333333333,797.933333333333,855.416666666667,,,,,,,,,,,,,,,,,,,,,,,,
234,5.4,117.883333333333,197.883333333333,252.883333333333,320.383333333333,377.883333333333,442.9,567.916666666667,637.916666666667,710.416666666667,817.933333333333,,,,,,,,,,,,,,,,,,,
235,12.9,72.8833333333333,140.366666666667,210.383333333333,287.883333333333,347.866666666667,407.866666666667,470.4,532.916666666667,605.433333333333,690.416666666667,765.433333333333,852.933333333333,,,,,,,,,,,,,,,,,
236,42.9,102.883333333333,175.383333333333,240.383333333333,300.383333333333,357.883333333333,440.383333333333,560.416666666667,612.916666666667,682.916666666667,742.933333333333,820.416666666667,877.933333333333,,,,,,,,,,,,,,,,,
237,72.8833333333333,130.383333333333,205.383333333333,272.883333333333,332.866666666667,410.383333333333,470.4,545.4,562.916666666667,590.416666666667,622.916666666667,685.416666666667,727.933333333333,747.9,,,,,,,,,,,,,,,,
238,300.383333333333,500.4,810.433333333333,817.933333333333,,,,,,,,,,,,,,,,,,,,,,,,,,
239,32.8833333333333,77.8833333333333,147.883333333333,212.883333333333,270.383333333333,330.383333333333,450.4,530.416666666667,592.9,682.916666666667,802.933333333333,822.933333333333,862.916666666667,,,,,,,,,,,,,,,,,
240,150.383333333333,187.883333333333,252.883333333333,320.383333333333,422.916666666667,465.4,790.433333333333,,,,,,,,,,,,,,,,,,,,,,,
241,220.383333333333,282.883333333333,342.883333333333,407.866666666667,615.4,695.433333333333,757.916666666667,782.916666666667,875.433333333333,,,,,,,,,,,,,,,,,,,,,
242,130.383333333333,192.883333333333,245.383333333333,327.883333333333,402.883333333333,472.9,545.4,615.4,745.433333333333,852.933333333333,,,,,,,,,,,,,,,,,,,,
243,17.9,137.866666666667,197.883333333333,442.9,502.9,572.916666666667,662.9,765.433333333333,,,,,,,,,,,,,,,,,,,,,,
244,32.8833333333333,95.3833333333333,177.883333333333,320.383333333333,612.916666666667,772.933333333333,825.45,,,,,,,,,,,,,,,,,,,,,,,
245,5.4,67.8833333333333,197.883333333333,282.883333333333,410.383333333333,892.95,,,,,,,,,,,,,,,,,,,,,,,,
246,60.3833333333333,175.383333333333,232.883333333333,320.383333333333,425.383333333333,570.4,665.416666666667,,,,,,,,,,,,,,,,,,,,,,,
247,135.366666666667,205.383333333333,280.383333333333,330.383333333333,412.866666666667,492.9,622.916666666667,685.416666666667,765.433333333333,857.95,,,,,,,,,,,,,,,,,,,,
248,0.416666666666667,60.3833333333333,150.383333333333,262.883333333333,335.383333333333,407.866666666667,615.4,685.416666666667,707.916666666667,,,,,,,,,,,,,,,,,,,,,
249,162.883333333333,465.4,685.416666666667,,,,,,,,,,,,,,,,,,,,,,,,,,,
250,0.416666666666667,67.8833333333333,130.383333333333,202.883333333333,262.883333333333,327.883333333333,387.883333333333,447.916666666667,592.9,662.9,780.433333333333,,,,,,,,,,,,,,,,,,,
251,0.416666666666667,47.8833333333333,117.883333333333,265.366666666667,332.866666666667,392.883333333333,465.4,535.416666666667,620.416666666667,702.916666666667,732.916666666667,787.933333333333,815.45,,,,,,,,,,,,,,,,,
252,70.3833333333333,122.883333333333,205.383333333333,257.883333333333,,,,,,,,,,,,,,,,,,,,,,,,,,
253,52.8833333333333,77.8833333333333,317.883333333333,687.9,757.916666666667,835.433333333333,,,,,,,,,,,,,,,,,,,,,,,,
254,0.416666666666667,55.4,165.383333333333,195.366666666667,305.383333333333,450.4,580.416666666667,810.433333333333,882.933333333333,890.416666666667,,,,,,,,,,,,,,,,,,,,
255,30.3833333333333,107.883333333333,232.883333333333,305.383333333333,375.383333333333,445.4,530.416666666667,772.933333333333,,,,,,,,,,,,,,,,,,,,,,
256,0.416666666666667,52.8833333333333,265.366666666667,357.883333333333,427.9,587.916666666667,635.416666666667,730.433333333333,825.45,,,,,,,,,,,,,,,,,,,,,
257,12.9,187.883333333333,402.883333333333,575.416666666667,,,,,,,,,,,,,,,,,,,,,,,,,,
258,0.416666666666667,12.9,80.4,290.366666666667,360.383333333333,432.9,447.916666666667,492.9,790.433333333333,875.433333333333,,,,,,,,,,,,,,,,,,,,
259,47.8833333333333,130.383333333333,260.383333333333,332.866666666667,382.866666666667,452.9,525.4,587.916666666667,665.416666666667,760.433333333333,847.933333333333,,,,,,,,,,,,,,,,,,,
260,115.383333333333,182.883333333333,240.383333333333,317.883333333333,387.883333333333,440.383333333333,552.9,642.9,715.416666666667,815.45,,,,,,,,,,,,,,,,,,,,
261,0.416666666666667,75.3666666666667,130.383333333333,265.366666666667,342.883333333333,645.433333333333,767.933333333333,860.433333333333,,,,,,,,,,,,,,,,,,,,,,
262,35.4,105.383333333333,240.383333333333,340.383333333333,392.883333333333,600.416666666667,720.416666666667,782.916666666667,,,,,,,,,,,,,,,,,,,,,,
263,0.416666666666667,307.883333333333,395.383333333333,645.433333333333,732.916666666667,850.433333333333,,,,,,,,,,,,,,,,,,,,,,,,
264,105.383333333333,157.883333333333,232.883333333333,300.383333333333,352.883333333333,412.866666666667,475.4,632.916666666667,702.916666666667,782.916666666667,,,,,,,,,,,,,,,,,,,,
265,0.416666666666667,95.3833333333333,172.883333333333,227.883333333333,312.883333333333,372.883333333333,487.9,547.916666666667,592.9,620.416666666667,732.916666666667,780.433333333333,,,,,,,,,,,,,,,,,,
266,72.8833333333333,135.366666666667,195.366666666667,252.883333333333,425.383333333333,462.9,607.916666666667,697.916666666667,817.933333333333,,,,,,,,,,,,,,,,,,,,,
267,30.3833333333333,310.383333333333,465.4,560.416666666667,812.933333333333,,,,,,,,,,,,,,,,,,,,,,,,,
268,230.383333333333,362.883333333333,740.416666666667,842.933333333333,,,,,,,,,,,,,,,,,,,,,,,,,,
269,32.8833333333333,162.883333333333,232.883333333333,295.383333333333,377.883333333333,437.9,525.4,825.45,,,,,,,,,,,,,,,,,,,,,,
270,47.8833333333333,110.383333333333,190.383333333333,247.883333333333,320.383333333333,375.383333333333,457.9,495.4,550.4,600.416666666667,627.916666666667,742.933333333333,777.933333333333,827.95,,,,,,,,,,,,,,,,
271,0.416666666666667,60.3833333333333,115.383333333333,167.883333333333,245.383333333333,375.383333333333,432.9,622.916666666667,820.416666666667,,,,,,,,,,,,,,,,,,,,,
272,60.3833333333333,125.383333333333,200.383333333333,270.383333333333,325.383333333333,392.883333333333,465.4,535.416666666667,667.916666666667,740.416666666667,,,,,,,,,,,,,,,,,,,,
273,0.416666666666667,82.8833333333333,212.883333333333,262.883333333333,327.883333333333,400.383333333333,590.416666666667,742.933333333333,830.433333333333,,,,,,,,,,,,,,,,,,,,,
274,0.416666666666667,57.8833333333333,195.366666666667,212.883333333333,320.383333333333,390.366666666667,450.4,530.416666666667,587.916666666667,652.916666666667,812.933333333333,,,,,,,,,,,,,,,,,,,
275,355.383333333333,602.9,715.416666666667,810.433333333333,875.433333333333,,,,,,,,,,,,,,,,,,,,,,,,,
276,17.9,82.8833333333333,152.883333333333,205.383333333333,267.883333333333,327.883333333333,402.883333333333,457.9,522.916666666667,597.916666666667,872.933333333333,885.433333333333,,,,,,,,,,,,,,,,,,
277,17.9,240.383333333333,437.9,560.416666666667,,,,,,,,,,,,,,,,,,,,,,,,,,
278,0.416666666666667,87.8833333333333,227.883333333333,302.883333333333,362.883333333333,427.9,502.9,572.916666666667,622.916666666667,690.416666666667,752.933333333333,825.45,,,,,,,,,,,,,,,,,,
279,67.8833333333333,210.383333333333,572.916666666667,,,,,,,,,,,,,,,,,,,,,,,,,,,
280,55.4,120.383333333333,387.883333333333,445.4,517.916666666667,647.916666666667,760.433333333333,837.933333333333,,,,,,,,,,,,,,,,,,,,,,
281,17.9,67.8833333333333,135.366666666667,195.366666666667,317.883333333333,377.883333333333,517.916666666667,587.916666666667,737.933333333333,,,,,,,,,,,,,,,,,,,,,
282,15.4,,,,,,,,,,,,,,,,,,,,,,,,,,,,,
283,110.483333333333,175.466666666667,267.983333333333,345.483333333333,417.983333333333,498.016666666667,633.033333333333,845.533333333333,,,,,,,,,,,,,,,,,,,,,,
284,0.516666666666667,110.483333333333,170.483333333333,222.983333333333,280.483333333333,305.483333333333,350.483333333333,425.5,540.516666666667,758.033333333333,823.033333333333,840.55,,,,,,,,,,,,,,,,,,
285,140.483333333333,192.983333333333,272.983333333333,350.483333333333,463,550.5,618.016666666667,688,793.016666666667,815.566666666667,848.05,,,,,,,,,,,,,,,,,,,
286,43,125.483333333333,225.483333333333,297.983333333333,390.483333333333,495.5,730.533333333333,,,,,,,,,,,,,,,,,,,,,,,
287,35.5,320.483333333333,377.983333333333,453,495.5,635.533333333333,703.033333333333,813.016666666667,,,,,,,,,,,,,,,,,,,,,,
288,242.983333333333,322.983333333333,428.016666666667,490.5,630.533333333333,715.516666666667,798.033333333333,,,,,,,,,,,,,,,,,,,,,,,
289,180.466666666667,232.983333333333,488,498.016666666667,538.033333333333,615.5,660.5,835.533333333333,,,,,,,,,,,,,,,,,,,,,,
290,90.4833333333333,355.483333333333,388,553.016666666667,,,,,,,,,,,,,,,,,,,,,,,,,,
291,117.983333333333,242.983333333333,297.983333333333,360.483333333333,435.483333333333,498.016666666667,560.533333333333,623.033333333333,698.016666666667,798.033333333333,,,,,,,,,,,,,,,,,,,,
292,10.4833333333333,77.9666666666667,135.466666666667,202.983333333333,325.483333333333,388,455.516666666667,525.516666666667,613.016666666667,685.516666666667,770.516666666667,,,,,,,,,,,,,,,,,,,
293,32.9833333333333,85.4833333333333,230.483333333333,280.483333333333,342.983333333333,415.483333333333,475.5,545.516666666667,620.533333333333,693.016666666667,763.033333333333,865.55,,,,,,,,,,,,,,,,,,
294,115.5,235.5,280.483333333333,350.483333333333,375.483333333333,443,503,560.533333333333,628.033333333333,688,,,,,,,,,,,,,,,,,,,,
295,10.4833333333333,82.9833333333333,155.483333333333,212.983333333333,285.483333333333,352.983333333333,438,538.033333333333,653.033333333333,788.033333333333,843.033333333333,,,,,,,,,,,,,,,,,,,
296,47.9833333333333,107.983333333333,142.983333333333,202.983333333333,265.483333333333,325.483333333333,453,518.016666666667,590.516666666667,,,,,,,,,,,,,,,,,,,,,
297,37.9833333333333,95.4833333333333,155.483333333333,177.966666666667,212.983333333333,270.483333333333,345.483333333333,357.983333333333,405.483333333333,710.533333333333,720.516666666667,765.533333333333,775.5,,,,,,,,,,,,,,,,,
298,180.466666666667,250.483333333333,312.983333333333,370.483333333333,438,513,578.016666666667,868.016666666667,880.533333333333,,,,,,,,,,,,,,,,,,,,,
299,5.5,82.9833333333333,155.483333333333,237.983333333333,290.483333333333,365.483333333333,440.5,718.033333333333,778.05,870.533333333333,,,,,,,,,,,,,,,,,,,,
300,18,92.9833333333333,152.983333333333,175.466666666667,252.983333333333,275.466666666667,352.983333333333,423.016666666667,500.5,580.516666666667,680.5,695.533333333333,718.033333333333,,,,,,,,,,,,,,,,,
301,50.4833333333333,115.5,192.983333333333,340.483333333333,555.533333333333,778.05,,,,,,,,,,,,,,,,,,,,,,,,
302,162.983333333333,292.983333333333,390.483333333333,450.5,533.016666666667,633.033333333333,723.033333333333,,,,,,,,,,,,,,,,,,,,,,,
303,127.966666666667,202.983333333333,257.983333333333,458,573.016666666667,628.033333333333,695.533333333333,760.55,830.533333333333,,,,,,,,,,,,,,,,,,,,,
304,110.483333333333,187.983333333333,252.983333333333,327.983333333333,410.5,478,550.5,623.033333333333,685.516666666667,698.016666666667,763.033333333333,843.033333333333,,,,,,,,,,,,,,,,,,
305,95.4833333333333,167.983333333333,225.483333333333,297.983333333333,362.983333333333,423.016666666667,485.516666666667,533.016666666667,630.533333333333,640.533333333333,830.533333333333,,,,,,,,,,,,,,,,,,,
306,102.983333333333,177.966666666667,245.483333333333,335.483333333333,395.483333333333,468,533.016666666667,733.033333333333,815.566666666667,850.533333333333,,,,,,,,,,,,,,,,,,,,
307,60.4833333333333,130.483333333333,197.983333333333,267.983333333333,317.983333333333,395.483333333333,473.016666666667,535.533333333333,620.533333333333,693.016666666667,780.533333333333,840.55,,,,,,,,,,,,,,,,,,
308,122.983333333333,335.483333333333,402.983333333333,468,533.016666666667,618.016666666667,695.533333333333,750.516666666667,798.033333333333,820.533333333333,,,,,,,,,,,,,,,,,,,,
309,30.5,85.4833333333333,142.983333333333,205.483333333333,265.483333333333,327.983333333333,402.983333333333,468,535.533333333333,615.5,663,705.516666666667,835.533333333333,,,,,,,,,,,,,,,,,
310,50.4833333333333,130.483333333333,202.983333333333,282.983333333333,350.483333333333,425.5,500.5,580.516666666667,688,755.533333333333,860.533333333333,,,,,,,,,,,,,,,,,,,
311,122.983333333333,302.983333333333,392.983333333333,638.016666666667,693.016666666667,743.033333333333,830.533333333333,,,,,,,,,,,,,,,,,,,,,,,
312,132.983333333333,205.483333333333,260.483333333333,322.983333333333,590.516666666667,738.033333333333,855.533333333333,,,,,,,,,,,,,,,,,,,,,,,
313,22.9833333333333,132.983333333333,190.483333333333,262.983333333333,327.983333333333,395.483333333333,475.5,558.016666666667,630.533333333333,770.516666666667,820.533333333333,,,,,,,,,,,,,,,,,,,
314,67.9833333333333,142.983333333333,207.983333333333,270.483333333333,360.483333333333,433,503,590.516666666667,660.5,743.033333333333,863.033333333333,,,,,,,,,,,,,,,,,,,
315,35.5,107.983333333333,175.466666666667,252.983333333333,317.983333333333,385.483333333333,468,523.016666666667,600.516666666667,685.516666666667,740.516666666667,750.516666666667,855.533333333333,888,,,,,,,,,,,,,,,,
316,32.9833333333333,190.483333333333,282.983333333333,372.983333333333,448.016666666667,528.016666666667,580.516666666667,673.033333333333,770.516666666667,833.016666666667,,,,,,,,,,,,,,,,,,,,
317,97.9833333333333,160.483333333333,230.483333333333,297.983333333333,417.983333333333,488,550.5,618.016666666667,695.533333333333,755.533333333333,830.533333333333,848.05,,,,,,,,,,,,,,,,,,
318,95.4833333333333,272.983333333333,295.483333333333,365.483333333333,470.5,520.5,583.016666666667,688,818.033333333333,,,,,,,,,,,,,,,,,,,,,
319,165.483333333333,230.483333333333,292.983333333333,357.983333333333,435.483333333333,578.016666666667,643.016666666667,710.533333333333,793.016666666667,850.533333333333,,,,,,,,,,,,,,,,,,,,
320,37.9833333333333,105.483333333333,172.983333333333,250.483333333333,382.983333333333,443,518.016666666667,738.033333333333,803.033333333333,,,,,,,,,,,,,,,,,,,,,
321,25.5,97.9833333333333,157.983333333333,222.983333333333,302.983333333333,377.983333333333,435.483333333333,490.5,580.516666666667,673.033333333333,738.033333333333,860.533333333333,888,,,,,,,,,,,,,,,,,
322,5.5,90.4833333333333,155.483333333333,220.483333333333,290.483333333333,345.483333333333,420.5,493,583.016666666667,738.033333333333,758.033333333333,793.016666666667,,,,,,,,,,,,,,,,,,
323,60.4833333333333,180.466666666667,245.483333333333,307.983333333333,367.983333333333,495.5,578.016666666667,750.516666666667,818.033333333333,,,,,,,,,,,,,,,,,,,,,
324,0.516666666666667,140.483333333333,212.983333333333,380.483333333333,478,588.016666666667,720.516666666667,878.033333333333,,,,,,,,,,,,,,,,,,,,,,
325,250.483333333333,493,645.533333333333,653.033333333333,665.516666666667,745.55,,,,,,,,,,,,,,,,,,,,,,,,
326,0.516666666666667,57.9833333333333,120.483333333333,185.5,265.483333333333,327.983333333333,400.483333333333,463,530.516666666667,703.033333333333,823.033333333333,,,,,,,,,,,,,,,,,,,
327,0.516666666666667,57.9833333333333,205.483333333333,272.983333333333,350.483333333333,405.483333333333,417.983333333333,568.016666666667,625.516666666667,645.533333333333,848.05,,,,,,,,,,,,,,,,,,,
328,192.983333333333,227.983333333333,250.483333333333,330.483333333333,407.983333333333,448.016666666667,503,623.033333333333,703.033333333333,765.533333333333,890.516666666667,,,,,,,,,,,,,,,,,,,
329,135.466666666667,440.5,460.5,498.016666666667,543.016666666667,615.5,720.516666666667,790.533333333333,840.55,878.033333333333,,,,,,,,,,,,,,,,,,,,
330,110.483333333333,157.983333333333,222.983333333333,312.983333333333,380.483333333333,448.016666666667,543.016666666667,623.033333333333,,,,,,,,,,,,,,,,,,,,,,
331,122.983333333333,182.983333333333,237.983333333333,543.016666666667,608.016666666667,668.033333333333,703.033333333333,768.033333333333,800.533333333333,885.533333333333,,,,,,,,,,,,,,,,,,,,
332,37.9833333333333,100.483333333333,170.483333333333,227.983333333333,292.983333333333,355.483333333333,430.5,503,598.016666666667,675.516666666667,775.5,,,,,,,,,,,,,,,,,,,
333,75.4666666666667,150.483333333333,220.483333333333,355.483333333333,417.983333333333,475.5,558.016666666667,623.033333333333,688,763.033333333333,825.55,883.033333333333,,,,,,,,,,,,,,,,,,
334,20.5,90.4833333333333,157.983333333333,220.483333333333,305.483333333333,380.483333333333,488,578.016666666667,608.016666666667,710.533333333333,870.533333333333,,,,,,,,,,,,,,,,,,,
335,182.983333333333,230.483333333333,450.5,533.016666666667,620.533333333333,778.05,,,,,,,,,,,,,,,,,,,,,,,,
336,18,85.4833333333333,145.483333333333,205.483333333333,272.983333333333,338,402.983333333333,478,535.533333333333,593.016666666667,730.533333333333,748.016666666667,793.016666666667,810.516666666667,818.033333333333,840.55,,,,,,,,,,,,,,
337,117.983333333333,177.966666666667,240.483333333333,305.483333333333,377.983333333333,445.5,505.5,565.516666666667,628.033333333333,708.016666666667,725.533333333333,735.533333333333,808.016666666667,843.033333333333,,,,,,,,,,,,,,,,
338,0.516666666666667,70.4833333333333,122.983333333333,187.983333333333,252.983333333333,320.483333333333,382.983333333333,460.5,540.516666666667,565.516666666667,613.016666666667,693.016666666667,788.033333333333,878.033333333333,,,,,,,,,,,,,,,,
339,47.9833333333333,100.483333333333,162.983333333333,225.483333333333,302.983333333333,370.483333333333,433,495.5,563.016666666667,653.033333333333,678.016666666667,705.516666666667,743.033333333333,855.533333333333,,,,,,,,,,,,,,,,
340,22.9833333333333,82.9833333333333,155.483333333333,222.983333333333,300.5,372.983333333333,392.983333333333,440.5,508.016666666667,570.5,635.533333333333,705.516666666667,773.033333333333,845.533333333333,,,,,,,,,,,,,,,,
341,197.983333333333,332.966666666667,425.5,483,575.5,663,800.533333333333,,,,,,,,,,,,,,,,,,,,,,,
342,0.516666666666667,35.5,172.983333333333,267.983333333333,345.483333333333,428.016666666667,543.016666666667,623.033333333333,705.516666666667,858.05,,,,,,,,,,,,,,,,,,,,
343,5.5,75.4666666666667,137.966666666667,210.483333333333,275.466666666667,375.483333333333,460.5,528.016666666667,595.5,785.55,818.033333333333,835.533333333333,845.533333333333,853.05,870.533333333333,883.033333333333,893.05,,,,,,,,,,,,,
344,35.5,95.4833333333333,222.983333333333,287.983333333333,355.483333333333,460.5,540.516666666667,605.533333333333,800.533333333333,835.533333333333,,,,,,,,,,,,,,,,,,,,
345,0.516666666666667,28,332.966666666667,710.533333333333,,,,,,,,,,,,,,,,,,,,,,,,,,
346,185.5,230.483333333333,410.5,813.016666666667,,,,,,,,,,,,,,,,,,,,,,,,,,
347,2.98333333333333,70.4833333333333,265.483333333333,370.483333333333,423.016666666667,470.5,535.533333333333,618.016666666667,680.5,775.5,885.533333333333,,,,,,,,,,,,,,,,,,,
348,43,105.483333333333,162.983333333333,227.983333333333,302.983333333333,382.983333333333,500.5,583.016666666667,680.5,768.033333333333,870.533333333333,890.516666666667,,,,,,,,,,,,,,,,,,
349,28,107.983333333333,167.983333333333,235.5,325.483333333333,375.483333333333,593.016666666667,665.516666666667,715.516666666667,733.033333333333,785.55,,,,,,,,,,,,,,,,,,,
350,28,210.483333333333,342.983333333333,473.016666666667,543.016666666667,,,,,,,,,,,,,,,,,,,,,,,,,
351,168.1,300.616666666667,360.6,420.616666666667,490.633333333333,543.15,618.15,680.633333333333,755.666666666667,843.15,,,,,,,,,,,,,,,,,,,,
352,0.633333333333333,55.6166666666667,115.616666666667,185.616666666667,250.6,295.616666666667,305.616666666667,370.6,450.633333333333,518.15,565.633333333333,710.65,,,,,,,,,,,,,,,,,,
353,278.1,343.116666666667,408.1,473.133333333333,535.65,588.133333333333,720.65,770.633333333333,838.133333333333,,,,,,,,,,,,,,,,,,,,,
354,40.6166666666667,80.6166666666667,173.1,343.116666666667,560.65,643.15,,,,,,,,,,,,,,,,,,,,,,,,
355,228.1,295.616666666667,353.1,410.616666666667,478.133333333333,573.133333333333,583.133333333333,628.166666666667,770.633333333333,848.166666666667,,,,,,,,,,,,,,,,,,,,
356,158.1,233.1,298.116666666667,358.1,413.1,473.133333333333,535.65,600.633333333333,663.116666666667,818.15,863.166666666667,,,,,,,,,,,,,,,,,,,
357,73.1166666666667,145.6,220.6,283.1,405.6,453.116666666667,518.15,585.65,655.65,715.65,778.183333333333,835.666666666667,,,,,,,,,,,,,,,,,,
358,78.0833333333333,140.6,203.1,258.116666666667,333.1,388.116666666667,445.633333333333,505.633333333333,550.633333333333,563.15,625.65,688.116666666667,753.166666666667,830.666666666667,,,,,,,,,,,,,,,,
359,173.1,223.1,275.6,330.6,393.116666666667,463.116666666667,523.15,603.133333333333,680.633333333333,763.166666666667,773.166666666667,,,,,,,,,,,,,,,,,,,
360,153.1,223.1,283.1,345.6,398.1,523.15,575.633333333333,635.65,710.65,758.15,828.2,,,,,,,,,,,,,,,,,,,
361,48.1,125.6,178.083333333333,258.116666666667,308.1,375.6,450.633333333333,525.633333333333,623.15,713.166666666667,835.666666666667,,,,,,,,,,,,,,,,,,,
362,248.1,303.1,365.6,425.616666666667,478.133333333333,543.15,600.633333333333,658.133333333333,725.666666666667,783.166666666667,845.65,,,,,,,,,,,,,,,,,,,
363,0.633333333333333,93.1166666666667,240.6,413.1,613.133333333333,,,,,,,,,,,,,,,,,,,,,,,,,
364,30.6,113.1,193.1,325.6,388.116666666667,453.116666666667,520.633333333333,583.133333333333,723.166666666667,793.15,868.133333333333,,,,,,,,,,,,,,,,,,,
365,113.1,188.1,250.6,373.116666666667,433.116666666667,498.15,613.133333333333,670.633333333333,735.65,800.65,,,,,,,,,,,,,,,,,,,,
366,130.6,220.6,270.616666666667,333.1,388.116666666667,458.133333333333,513.133333333333,580.65,645.666666666667,715.65,,,,,,,,,,,,,,,,,,,,
367,75.5833333333333,185.616666666667,228.1,495.633333333333,558.15,625.65,763.166666666667,773.166666666667,835.666666666667,,,,,,,,,,,,,,,,,,,,,
368,140.6,208.1,278.1,345.6,445.633333333333,588.133333333333,670.633333333333,748.133333333333,,,,,,,,,,,,,,,,,,,,,,
369,0.633333333333333,65.6,205.6,238.1,330.6,390.6,428.133333333333,448.133333333333,518.15,583.133333333333,655.65,723.166666666667,830.666666666667,845.65,,,,,,,,,,,,,,,,
370,123.116666666667,250.6,303.1,350.6,480.65,590.633333333333,645.666666666667,713.166666666667,790.666666666667,893.166666666667,,,,,,,,,,,,,,,,,,,,
371,95.6,225.6,288.116666666667,423.133333333333,480.65,495.633333333333,528.15,538.15,603.133333333333,673.15,730.666666666667,793.15,825.7,865.666666666667,878.166666666667,,,,,,,,,,,,,,,
372,140.6,275.6,358.1,530.633333333333,588.133333333333,658.133333333333,713.166666666667,768.166666666667,775.633333333333,,,,,,,,,,,,,,,,,,,,,
373,95.6,140.6,225.6,290.6,345.6,588.133333333333,723.166666666667,,,,,,,,,,,,,,,,,,,,,,,
374,163.1,300.616666666667,368.1,413.1,483.133333333333,530.633333333333,588.133333333333,658.133333333333,,,,,,,,,,,,,,,,,,,,,,
375,113.1,288.116666666667,420.616666666667,470.633333333333,543.15,618.15,708.116666666667,760.683333333333,803.15,838.133333333333,845.65,883.15,,,,,,,,,,,,,,,,,,
376,3.1,335.616666666667,428.133333333333,558.15,868.133333333333,,,,,,,,,,,,,,,,,,,,,,,,,
377,25.6166666666667,105.6,178.083333333333,235.616666666667,318.1,373.116666666667,438.133333333333,505.633333333333,568.15,620.666666666667,695.666666666667,753.166666666667,823.166666666667,,,,,,,,,,,,,,,,,
378,78.0833333333333,173.1,240.6,305.616666666667,363.1,420.616666666667,485.633333333333,545.633333333333,643.15,723.166666666667,748.133333333333,,,,,,,,,,,,,,,,,,,
379,173.1,680.633333333333,,,,,,,,,,,,,,,,,,,,,,,,,,,,
380,148.116666666667,235.616666666667,305.616666666667,388.116666666667,458.133333333333,530.633333333333,613.133333333333,668.15,750.633333333333,830.666666666667,,,,,,,,,,,,,,,,,,,,
381,0.633333333333333,40.6166666666667,105.6,173.1,243.1,293.116666666667,858.166666666667,888.133333333333,,,,,,,,,,,,,,,,,,,,,,
382,145.6,218.1,293.116666666667,550.633333333333,703.15,763.166666666667,830.666666666667,,,,,,,,,,,,,,,,,,,,,,,
383,310.616666666667,375.6,438.133333333333,503.133333333333,570.633333333333,640.65,700.633333333333,768.166666666667,838.133333333333,,,,,,,,,,,,,,,,,,,,,
384,155.6,233.1,370.6,435.616666666667,508.133333333333,573.133333333333,655.65,740.65,810.65,,,,,,,,,,,,,,,,,,,,,
385,95.6,165.6,225.6,303.1,360.6,425.616666666667,488.133333333333,558.15,620.666666666667,680.633333333333,720.65,758.15,855.666666666667,,,,,,,,,,,,,,,,,
386,0.633333333333333,70.6166666666667,173.1,268.1,475.633333333333,643.15,758.15,805.666666666667,820.65,833.166666666667,,,,,,,,,,,,,,,,,,,,
387,73.1166666666667,130.6,255.616666666667,368.1,433.116666666667,495.633333333333,560.65,625.65,875.65,,,,,,,,,,,,,,,,,,,,,
388,0.633333333333333,138.1,255.616666666667,313.116666666667,370.6,505.633333333333,575.633333333333,638.133333333333,703.15,763.166666666667,825.7,,,,,,,,,,,,,,,,,,,
389,0.633333333333333,85.6,173.1,333.1,525.633333333333,738.166666666667,833.166666666667,,,,,,,,,,,,,,,,,,,,,,,
390,220.6,288.116666666667,355.6,410.616666666667,465.633333333333,533.15,600.633333333333,660.633333333333,720.65,788.15,,,,,,,,,,,,,,,,,,,,
391,128.1,200.6,258.116666666667,323.1,388.116666666667,450.633333333333,508.133333333333,568.15,630.65,698.133333333333,770.633333333333,788.15,865.666666666667,,,,,,,,,,,,,,,,,
392,148.116666666667,523.15,650.65,853.183333333333,,,,,,,,,,,,,,,,,,,,,,,,,,
393,125.6,188.1,280.6,393.116666666667,573.133333333333,605.666666666667,655.65,770.633333333333,,,,,,,,,,,,,,,,,,,,,,
394,160.6,220.6,275.6,338.116666666667,400.616666666667,470.633333333333,533.15,608.15,660.633333333333,718.166666666667,793.15,880.666666666667,,,,,,,,,,,,,,,,,,
395,10.6,70.6166666666667,128.1,175.583333333333,250.6,315.616666666667,375.6,500.633333333333,625.65,770.633333333333,840.683333333333,,,,,,,,,,,,,,,,,,,
396,153.1,203.1,258.116666666667,323.1,395.616666666667,468.133333333333,520.633333333333,580.65,610.666666666667,643.15,743.166666666667,860.683333333333,,,,,,,,,,,,,,,,,,
397,115.616666666667,325.6,528.15,628.166666666667,760.683333333333,890.633333333333,,,,,,,,,,,,,,,,,,,,,,,,
398,60.6,118.1,185.616666666667,243.1,308.1,365.6,430.633333333333,495.633333333333,558.15,585.65,693.133333333333,,,,,,,,,,,,,,,,,,,
399,0.633333333333333,85.6,160.6,188.1,293.116666666667,360.6,415.6,478.133333333333,543.15,600.633333333333,665.65,755.666666666667,,,,,,,,,,,,,,,,,,
400,0.633333333333333,105.6,228.1,280.6,360.6,403.1,473.133333333333,595.633333333333,658.133333333333,750.633333333333,788.15,808.133333333333,833.166666666667,,,,,,,,,,,,,,,,,
401,173.1,235.616666666667,293.116666666667,363.1,428.133333333333,495.633333333333,550.633333333333,623.15,708.116666666667,773.166666666667,825.7,,,,,,,,,,,,,,,,,,,
402,108.1,230.616666666667,288.116666666667,343.116666666667,460.633333333333,540.633333333333,720.65,803.15,858.166666666667,,,,,,,,,,,,,,,,,,,,,
403,40.6166666666667,103.1,165.6,225.6,298.116666666667,358.1,428.133333333333,495.633333333333,595.633333333333,660.633333333333,,,,,,,,,,,,,,,,,,,,
404,285.6,478.133333333333,643.15,818.15,,,,,,,,,,,,,,,,,,,,,,,,,,
405,0.633333333333333,63.1,133.1,200.6,258.116666666667,310.616666666667,375.6,438.133333333333,493.133333333333,563.15,628.166666666667,693.133333333333,,,,,,,,,,,,,,,,,,
406,130.6,185.616666666667,238.1,455.633333333333,515.65,558.15,648.133333333333,745.666666666667,888.133333333333,,,,,,,,,,,,,,,,,,,,,
407,95.6,155.6,215.6,280.6,353.1,418.116666666667,490.633333333333,548.15,618.15,678.133333333333,748.133333333333,,,,,,,,,,,,,,,,,,,
408,55.6166666666667,113.1,180.6,238.1,305.616666666667,375.6,445.633333333333,520.633333333333,608.15,863.166666666667,,,,,,,,,,,,,,,,,,,,
409,10.6,73.1166666666667,140.6,213.1,273.1,333.1,388.116666666667,458.133333333333,520.633333333333,578.15,640.65,715.65,,,,,,,,,,,,,,,,,,
410,28.1166666666667,80.6166666666667,143.116666666667,208.1,280.6,330.6,395.616666666667,453.116666666667,523.15,645.666666666667,678.133333333333,713.166666666667,773.166666666667,,,,,,,,,,,,,,,,,
411,228.1,288.116666666667,355.6,423.133333333333,493.133333333333,560.65,633.166666666667,713.166666666667,780.683333333333,888.133333333333,,,,,,,,,,,,,,,,,,,,
412,158.1,255.616666666667,493.133333333333,583.133333333333,645.666666666667,720.65,795.633333333333,,,,,,,,,,,,,,,,,,,,,,,
413,128.1,168.1,260.616666666667,383.116666666667,450.633333333333,518.15,595.633333333333,675.65,750.633333333333,,,,,,,,,,,,,,,,,,,,,
414,240.6,308.1,358.1,418.116666666667,495.633333333333,538.15,560.65,603.133333333333,618.15,,,,,,,,,,,,,,,,,,,,,
415,45.6166666666667,130.6,235.616666666667,335.616666666667,583.133333333333,700.633333333333,,,,,,,,,,,,,,,,,,,,,,,,
416,335.616666666667,693.133333333333,815.7,,,,,,,,,,,,,,,,,,,,,,,,,,,
417,58.1,105.6,165.6,240.6,323.1,425.616666666667,,,,,,,,,,,,,,,,,,,,,,,,
418,258.116666666667,,,,,,,,,,,,,,,,,,,,,,,,,,,,,
419,0.633333333333333,55.6166666666667,428.133333333333,490.633333333333,553.133333333333,728.166666666667,,,,,,,,,,,,,,,,,,,,,,,,
420,115.616666666667,178.083333333333,245.6,353.1,,,,,,,,,,,,,,,,,,,,,,,,,,
421,88.0833333333333,168.1,225.6,283.1,330.6,340.6,385.6,425.616666666667,553.133333333333,635.65,718.166666666667,833.166666666667,,,,,,,,,,,,,,,,,,
422,70.6166666666667,133.1,198.1,253.1,308.1,365.6,428.133333333333,478.133333333333,535.65,780.683333333333,823.166666666667,850.666666666667,,,,,,,,,,,,,,,,,,
423,25.6666666666667,45.6666666666667,115.666666666667,160.65,288.166666666667,375.65,478.183333333333,,,,,,,,,,,,,,,,,,,,,,,
424,183.15,278.15,640.7,,,,,,,,,,,,,,,,,,,,,,,,,,,
425,130.65,203.15,298.166666666667,385.666666666667,455.7,590.7,663.166666666667,820.716666666667,870.716666666667,,,,,,,,,,,,,,,,,,,,,
426,328.15,355.666666666667,400.683333333333,505.683333333333,,,,,,,,,,,,,,,,,,,,,,,,,,
427,108.15,243.15,268.15,313.166666666667,830.716666666667,848.233333333333,883.2,,,,,,,,,,,,,,,,,,,,,,,
428,185.666666666667,243.15,273.15,328.15,390.65,460.683333333333,535.7,615.683333333333,683.183333333333,763.233333333333,830.716666666667,,,,,,,,,,,,,,,,,,,
429,65.65,113.15,350.65,503.2,680.683333333333,,,,,,,,,,,,,,,,,,,,,,,,,
430,65.65,135.65,200.65,275.65,498.2,565.683333333333,708.183333333333,778.25,840.733333333333,,,,,,,,,,,,,,,,,,,,,
431,148.166666666667,228.15,400.683333333333,478.183333333333,595.7,693.2,850.733333333333,860.733333333333,,,,,,,,,,,,,,,,,,,,,,
432,250.65,320.65,623.216666666667,640.7,813.2,,,,,,,,,,,,,,,,,,,,,,,,,
433,0.683333333333333,70.6666666666667,133.15,195.633333333333,408.166666666667,698.183333333333,745.733333333333,845.716666666667,,,,,,,,,,,,,,,,,,,,,,
434,50.65,108.15,188.15,428.183333333333,723.216666666667,,,,,,,,,,,,,,,,,,,,,,,,,
435,0.683333333333333,133.15,215.65,308.15,428.183333333333,570.683333333333,,,,,,,,,,,,,,,,,,,,,,,,
436,0.683333333333333,78.1333333333333,260.666666666667,378.15,438.183333333333,528.2,558.2,,,,,,,,,,,,,,,,,,,,,,,
437,18.1666666666667,148.166666666667,203.15,245.65,285.65,328.15,358.15,415.666666666667,453.183333333333,780.733333333333,835.716666666667,885.716666666667,,,,,,,,,,,,,,,,,,
438,40.6666666666667,120.65,175.633333333333,248.15,360.666666666667,473.2,643.2,803.2,888.2,,,,,,,,,,,,,,,,,,,,,
439,0.683333333333333,153.15,240.65,508.2,648.183333333333,723.216666666667,,,,,,,,,,,,,,,,,,,,,,,,
440,58.15,138.15,215.65,273.15,360.666666666667,483.183333333333,565.683333333333,648.183333333333,730.733333333333,810.7,,,,,,,,,,,,,,,,,,,,
441,10.6666666666667,630.716666666667,733.2,840.733333333333,,,,,,,,,,,,,,,,,,,,,,,,,,
442,20.6666666666667,183.15,320.65,395.666666666667,,,,,,,,,,,,,,,,,,,,,,,,,,
443,60.65,145.65,175.633333333333,215.65,293.166666666667,365.666666666667,428.183333333333,510.7,593.166666666667,673.2,753.216666666667,820.716666666667,,,,,,,,,,,,,,,,,,
444,40.6666666666667,120.65,205.65,253.15,340.65,523.216666666667,610.716666666667,688.166666666667,775.683333333333,,,,,,,,,,,,,,,,,,,,,
445,10.6666666666667,78.1333333333333,215.65,293.166666666667,365.666666666667,445.683333333333,508.2,573.2,,,,,,,,,,,,,,,,,,,,,,
446,215.65,,,,,,,,,,,,,,,,,,,,,,,,,,,,,
447,55.6666666666667,118.15,188.15,260.666666666667,353.15,425.683333333333,480.7,555.716666666667,613.183333333333,693.2,845.716666666667,,,,,,,,,,,,,,,,,,,
448,45.6666666666667,200.65,283.15,368.166666666667,460.683333333333,570.683333333333,645.716666666667,760.75,,,,,,,,,,,,,,,,,,,,,,
449,180.65,268.15,285.65,365.666666666667,410.683333333333,655.7,805.7,820.716666666667,,,,,,,,,,,,,,,,,,,,,,
450,10.6666666666667,133.15,198.15,263.15,335.683333333333,403.15,465.7,530.7,618.2,678.2,738.216666666667,810.7,880.716666666667,,,,,,,,,,,,,,,,,
451,100.65,335.683333333333,488.183333333333,538.216666666667,693.2,793.2,878.233333333333,,,,,,,,,,,,,,,,,,,,,,,
452,113.15,225.65,295.666666666667,373.166666666667,438.183333333333,485.683333333333,675.716666666667,713.216666666667,755.716666666667,868.183333333333,,,,,,,,,,,,,,,,,,,,
453,283.15,310.666666666667,393.166666666667,465.7,633.2,663.166666666667,733.2,,,,,,,,,,,,,,,,,,,,,,,
454,3.15,300.666666666667,378.15,455.7,515.7,598.2,653.2,820.716666666667,,,,,,,,,,,,,,,,,,,,,,
455,60.65,133.15,193.166666666667,265.666666666667,358.15,430.683333333333,678.2,763.233333333333,880.716666666667,,,,,,,,,,,,,,,,,,,,,
456,28.1666666666667,133.15,198.15,263.15,335.683333333333,405.65,475.7,538.216666666667,618.2,725.7,790.733333333333,858.233333333333,,,,,,,,,,,,,,,,,,
457,0.683333333333333,65.65,145.65,223.15,365.666666666667,443.183333333333,483.183333333333,565.683333333333,625.7,703.216666666667,760.75,,,,,,,,,,,,,,,,,,,
458,10.6666666666667,85.65,158.15,238.166666666667,305.666666666667,368.166666666667,440.683333333333,508.2,575.683333333333,658.183333333333,728.216666666667,813.2,,,,,,,,,,,,,,,,,,
459,0.683333333333333,63.15,115.666666666667,178.133333333333,408.166666666667,548.2,700.7,768.216666666667,820.716666666667,,,,,,,,,,,,,,,,,,,,,
460,33.15,173.15,643.2,745.733333333333,,,,,,,,,,,,,,,,,,,,,,,,,,
461,5.66666666666667,80.6666666666667,158.15,230.666666666667,305.666666666667,435.666666666667,510.7,580.716666666667,655.7,723.216666666667,795.683333333333,,,,,,,,,,,,,,,,,,,
462,,,,,,,,,,,,,,,,,,,,,,,,,,,,,,
463,0.85,40.8166666666667,113.3,188.316666666667,330.816666666667,380.833333333333,530.85,658.35,673.366666666667,708.35,770.85,870.883333333333,878.383333333333,,,,,,,,,,,,,,,,,
464,0.85,25.8166666666667,80.8166666666667,168.3,235.833333333333,265.816666666667,350.8,468.333333333333,535.85,673.366666666667,770.85,,,,,,,,,,,,,,,,,,,
465,8.31666666666667,90.8,105.8,153.316666666667,185.816666666667,398.316666666667,440.833333333333,455.85,530.85,593.333333333333,698.333333333333,,,,,,,,,,,,,,,,,,,
466,66.05,156.066666666667,253.55,413.566666666667,491.1,543.6,751.133333333333,871.15,,,,,,,,,,,,,,,,,,,,,,
467,31.0666666666667,106.05,206.05,373.583333333333,526.1,693.633333333333,,,,,,,,,,,,,,,,,,,,,,,,
468,243.55,331.083333333333,418.566666666667,641.133333333333,783.633333333333,,,,,,,,,,,,,,,,,,,,,,,,,
469,1.08333333333333,33.55,126.066666666667,243.55,308.566666666667,368.583333333333,441.083333333333,496.1,626.1,698.616666666667,881.133333333333,,,,,,,,,,,,,,,,,,,
470,266.066666666667,336.066666666667,413.566666666667,468.583333333333,526.1,583.6,643.6,706.1,,,,,,,,,,,,,,,,,,,,,,
471,201.05,358.566666666667,493.583333333333,571.083333333333,688.583333333333,848.633333333333,,,,,,,,,,,,,,,,,,,,,,,,
472,1.08333333333333,76.0333333333333,368.583333333333,656.116666666667,801.15,,,,,,,,,,,,,,,,,,,,,,,,,
473,106.05,166.05,233.55,296.083333333333,343.566666666667,498.6,,,,,,,,,,,,,,,,,,,,,,,,
474,168.55,226.05,298.55,363.566666666667,433.583333333333,578.616666666667,618.616666666667,651.116666666667,818.616666666667,,,,,,,,,,,,,,,,,,,,,
475,191.066666666667,261.066666666667,313.566666666667,416.066666666667,441.083333333333,513.6,563.616666666667,646.15,701.116666666667,711.133333333333,776.1,,,,,,,,,,,,,,,,,,,
476,88.5333333333333,208.55,281.05,351.05,418.566666666667,491.1,571.083333333333,796.1,,,,,,,,,,,,,,,,,,,,,,
477,1.08333333333333,38.55,106.05,148.566666666667,158.55,321.05,411.066666666667,476.083333333333,556.133333333333,628.616666666667,686.116666666667,808.616666666667,,,,,,,,,,,,,,,,,,
478,101.05,291.05,436.066666666667,561.116666666667,571.083333333333,581.116666666667,588.583333333333,601.083333333333,728.65,781.166666666667,846.15,,,,,,,,,,,,,,,,,,,
479,36.05,111.05,216.05,273.55,346.05,393.566666666667,478.6,541.1,598.6,673.616666666667,731.15,803.616666666667,868.6,,,,,,,,,,,,,,,,,
480,173.533333333333,281.05,361.066666666667,436.066666666667,491.1,688.583333333333,753.65,823.65,873.616666666667,,,,,,,,,,,,,,,,,,,,,
481,91.0666666666667,166.05,238.566666666667,293.583333333333,361.066666666667,421.066666666667,493.583333333333,561.116666666667,651.116666666667,718.633333333333,778.65,,,,,,,,,,,,,,,,,,,
482,28.5833333333333,81.0666666666667,153.55,228.55,278.566666666667,576.083333333333,626.1,688.583333333333,,,,,,,,,,,,,,,,,,,,,,
483,1.08333333333333,23.5666666666667,98.5666666666667,378.566666666667,448.6,533.6,603.6,743.65,,,,,,,,,,,,,,,,,,,,,,
484,121.033333333333,181.05,258.566666666667,328.55,393.566666666667,468.583333333333,596.116666666667,636.133333333333,691.133333333333,766.133333333333,831.15,,,,,,,,,,,,,,,,,,,
485,123.566666666667,233.55,421.066666666667,471.083333333333,538.616666666667,848.633333333333,866.116666666667,873.616666666667,,,,,,,,,,,,,,,,,,,,,,
486,56.0666666666667,118.55,188.55,286.066666666667,363.566666666667,631.116666666667,721.116666666667,798.633333333333,891.116666666667,,,,,,,,,,,,,,,,,,,,,
487,,,,,,,,,,,,,,,,,,,,,,,,,,,,,,
488,201.15,323.65,391.15,523.716666666667,656.216666666667,698.716666666667,741.233333333333,763.75,771.216666666667,781.266666666667,841.266666666667,,,,,,,,,,,,,,,,,,,
489,176.133333333333,223.666666666667,461.2,511.2,606.233333333333,651.216666666667,771.216666666667,,,,,,,,,,,,,,,,,,,,,,,
490,96.15,231.166666666667,378.666666666667,456.183333333333,536.2,808.716666666667,858.75,,,,,,,,,,,,,,,,,,,,,,,
491,548.7,676.25,686.216666666667,736.216666666667,783.75,831.25,846.25,,,,,,,,,,,,,,,,,,,,,,,
492,141.15,221.166666666667,546.2,611.216666666667,673.733333333333,718.733333333333,,,,,,,,,,,,,,,,,,,,,,,,
493,11.15,26.1666666666667,58.65,113.65,238.65,308.666666666667,363.666666666667,498.7,643.7,658.716666666667,681.216666666667,,,,,,,,,,,,,,,,,,,
494,1.18333333333333,58.65,126.166666666667,151.15,448.7,521.2,593.683333333333,668.716666666667,741.233333333333,,,,,,,,,,,,,,,,,,,,,
495,18.6666666666667,86.15,141.15,341.15,531.2,636.233333333333,846.25,,,,,,,,,,,,,,,,,,,,,,,
496,486.316666666667,541.333333333333,678.833333333333,773.883333333333,888.866666666667,,,,,,,,,,,,,,,,,,,,,,,,,
497,133.766666666667,251.283333333333,418.8,481.35,791.366666666667,,,,,,,,,,,,,,,,,,,,,,,,,
498,78.7666666666667,108.783333333333,146.283333333333,413.783333333333,556.35,693.866666666667,,,,,,,,,,,,,,,,,,,,,,,,
499,161.266666666667,343.8,368.8,453.816666666667,476.316666666667,508.833333333333,581.35,628.85,741.366666666667,,,,,,,,,,,,,,,,,,,,,
500,156.283333333333,296.3,341.283333333333,373.816666666667,421.3,463.816666666667,681.333333333333,756.383333333333,801.366666666667,,,,,,,,,,,,,,,,,,,,,
501,143.8,493.8,551.333333333333,616.333333333333,813.85,891.366666666667,,,,,,,,,,,,,,,,,,,,,,,,
502,211.266666666667,283.783333333333,418.8,601.3,743.883333333333,811.35,,,,,,,,,,,,,,,,,,,,,,,,
503,83.7833333333333,126.283333333333,248.783333333333,308.783333333333,376.266666666667,483.816666666667,553.816666666667,623.85,721.35,826.383333333333,,,,,,,,,,,,,,,,,,,,
504,43.7833333333333,101.266666666667,166.266666666667,221.283333333333,293.8,338.8,433.8,503.833333333333,543.816666666667,633.85,771.35,853.866666666667,,,,,,,,,,,,,,,,,,
505,91.2833333333333,168.766666666667,301.3,373.816666666667,443.816666666667,543.816666666667,698.85,796.333333333333,866.35,,,,,,,,,,,,,,,,,,,,,
506,138.766666666667,698.85,,,,,,,,,,,,,,,,,,,,,,,,,,,,
507,23.7833333333333,93.7833333333333,163.766666666667,283.783333333333,341.283333333333,391.283333333333,468.816666666667,538.833333333333,591.333333333333,788.85,,,,,,,,,,,,,,,,,,,,
508,36.2833333333333,108.783333333333,178.75,228.783333333333,301.3,363.783333333333,421.3,478.816666666667,536.316666666667,608.833333333333,721.35,788.85,861.383333333333,,,,,,,,,,,,,,,,,
509,23.7833333333333,88.75,158.783333333333,203.783333333333,273.783333333333,328.783333333333,396.3,461.316666666667,518.833333333333,611.333333333333,663.816666666667,786.4,846.383333333333,,,,,,,,,,,,,,,,,
510,43.7833333333333,101.266666666667,193.783333333333,418.8,556.35,753.883333333333,811.35,,,,,,,,,,,,,,,,,,,,,,,
511,48.7666666666667,108.783333333333,171.283333333333,238.783333333333,308.783333333333,361.3,426.333333333333,491.316666666667,556.35,623.85,688.816666666667,758.85,886.366666666667,,,,,,,,,,,,,,,,,
512,1.31666666666667,58.7666666666667,98.7833333333333,126.283333333333,183.766666666667,303.766666666667,373.816666666667,423.816666666667,481.35,556.35,611.333333333333,683.833333333333,756.383333333333,856.366666666667,,,,,,,,,,,,,,,,
513,58.7666666666667,123.783333333333,196.25,261.283333333333,326.266666666667,401.3,473.816666666667,558.85,631.333333333333,701.35,786.4,863.883333333333,,,,,,,,,,,,,,,,,,
514,223.783333333333,301.3,358.8,443.816666666667,486.316666666667,571.3,708.816666666667,,,,,,,,,,,,,,,,,,,,,,,
