id,birthtime_1,birthtime_2,birthtime_3,birthtime_4,birthtime_5,birthtime_6,birthtime_7,birthtime_8,birthtime_9,birthtime_10,birthtime_11,birthtime_12,birthtime_13,birthtime_14,birthtime_15,birthtime_16,birthtime_17,birthtime_18,birthtime_19,birthtime_20,birthtime_21,birthtime_22,birthtime_23,birthtime_24,birthtime_25,birthtime_26,birthtime_27
1,241.983333333333,532,,,,,,,,,,,,,,,,,,,,,,,,,
2,,,,,,,,,,,,,,,,,,,,,,,,,,,
3,226.966666666667,582,797.033333333333,,,,,,,,,,,,,,,,,,,,,,,,
4,55.8833333333333,201.966666666667,326.983333333333,471.966666666667,637.016666666667,667.016666666667,887.05,892.033333333333,,,,,,,,,,,,,,,,,,,
5,45.9,151.966666666667,176.966666666667,246.983333333333,421.983333333333,571.983333333333,587,767.016666666667,,,,,,,,,,,,,,,,,,,
6,181.95,361.966666666667,512,562,892.033333333333,912.033333333333,,,,,,,,,,,,,,,,,,,,,
7,5.91666666666667,55.8833333333333,131.966666666667,141.966666666667,381.983333333333,476.983333333333,607.016666666667,667.016666666667,812.033333333333,,,,,,,,,,,,,,,,,,
8,0.883333333333333,151.966666666667,366.983333333333,537.016666666667,557,567,672.016666666667,822.016666666667,852,,,,,,,,,,,,,,,,,,
9,,,,,,,,,,,,,,,,,,,,,,,,,,,
10,55.8833333333333,151.966666666667,256.983333333333,331.983333333333,341.966666666667,416.966666666667,421.983333333333,451.966666666667,552,677.016666666667,762.033333333333,907.033333333333,,,,,,,,,,,,,,,
11,5.91666666666667,201.966666666667,226.966666666667,366.983333333333,431.983333333333,462,481.983333333333,557,692.016666666667,732.016666666667,762.033333333333,797.033333333333,807.016666666667,847.016666666667,862.033333333333,882.016666666667,907.033333333333,962.033333333333,1161.98333333333,1232.01666666667,1331.96666666667,,,,,,
12,10.9,127,161.983333333333,376.966666666667,702,727.016666666667,787.033333333333,812.033333333333,842.033333333333,852,,,,,,,,,,,,,,,,,
13,30.8833333333333,156.966666666667,216.95,241.983333333333,296.983333333333,466.983333333333,577,797.033333333333,897.016666666667,1161.98333333333,1212.01666666667,,,,,,,,,,,,,,,,
14,,,,,,,,,,,,,,,,,,,,,,,,,,,
15,91.9833333333333,101.983333333333,186.966666666667,266.983333333333,306.966666666667,331.983333333333,426.983333333333,777.016666666667,787.033333333333,867.016666666667,,,,,,,,,,,,,,,,,
16,121.983333333333,221.983333333333,256.983333333333,351.983333333333,416.966666666667,491.983333333333,527,742,787.033333333333,827.016666666667,1277.01666666667,,,,,,,,,,,,,,,,
17,266.983333333333,381.983333333333,532,537.016666666667,777.016666666667,,,,,,,,,,,,,,,,,,,,,,
18,10.9,15.8833333333333,81.9833333333333,171.966666666667,176.966666666667,246.983333333333,512,567,632,722,802.016666666667,887.05,1057.01666666667,1291.98333333333,,,,,,,,,,,,,
19,,,,,,,,,,,,,,,,,,,,,,,,,,,
20,45.9,136.966666666667,216.95,221.983333333333,292,341.966666666667,562,667.016666666667,807.016666666667,822.016666666667,907.033333333333,,,,,,,,,,,,,,,,
21,66.0666666666667,186.966666666667,196.966666666667,366.983333333333,517,662,667.016666666667,767.016666666667,807.016666666667,857,912.033333333333,,,,,,,,,,,,,,,,
22,101.983333333333,106.983333333333,221.983333333333,517,747.033333333333,,,,,,,,,,,,,,,,,,,,,,
23,36.05,122.133333333333,177.133333333333,422.15,447.15,592.166666666667,697.166666666667,822.183333333333,907.183333333333,,,,,,,,,,,,,,,,,,
24,82.1333333333333,87.1333333333333,112.166666666667,252.133333333333,327.15,407.15,612.15,622.15,737.166666666667,1117.18333333333,1252.15,,,,,,,,,,,,,,,,
25,46.0333333333333,152.116666666667,217.1,292.2,402.15,427.133333333333,757.166666666667,777.166666666667,857.15,,,,,,,,,,,,,,,,,,
26,1.01666666666667,56.05,142.116666666667,217.1,247.133333333333,397.166666666667,532.15,862.2,892.183333333333,1007.18333333333,,,,,,,,,,,,,,,,,
27,,,,,,,,,,,,,,,,,,,,,,,,,,,
28,51.0166666666667,162.116666666667,262.15,352.15,392.133333333333,477.15,702.216666666667,822.183333333333,1157.16666666667,,,,,,,,,,,,,,,,,,
29,56.05,72.1,147.15,202.133333333333,327.15,352.15,417.116666666667,487.133333333333,522.15,657.2,712.2,752.233333333333,847.166666666667,987.2,1022.21666666667,1062.21666666667,,,,,,,,,,,
30,36.05,41.0333333333333,197.133333333333,307.116666666667,452.133333333333,477.15,482.133333333333,732.166666666667,,,,,,,,,,,,,,,,,,,
31,137.15,247.133333333333,252.133333333333,387.15,567.15,572.166666666667,672.183333333333,687.183333333333,742.15,822.183333333333,1157.16666666667,,,,,,,,,,,,,,,,
32,1.01666666666667,51.0166666666667,237.15,377.116666666667,447.15,497.116666666667,517.166666666667,817.166666666667,822.183333333333,847.166666666667,,,,,,,,,,,,,,,,,
33,,,,,,,,,,,,,,,,,,,,,,,,,,,
34,202.133333333333,617.15,,,,,,,,,,,,,,,,,,,,,,,,,
35,72.1,187.116666666667,342.15,382.133333333333,432.133333333333,462.133333333333,582.15,592.166666666667,632.133333333333,707.15,752.233333333333,782.216666666667,937.2,,,,,,,,,,,,,,
36,1.01666666666667,127.15,187.116666666667,337.133333333333,482.133333333333,497.116666666667,652.15,697.166666666667,717.166666666667,757.166666666667,,,,,,,,,,,,,,,,,
37,,,,,,,,,,,,,,,,,,,,,,,,,,,
38,6.06666666666667,36.05,597.166666666667,,,,,,,,,,,,,,,,,,,,,,,,
39,,,,,,,,,,,,,,,,,,,,,,,,,,,
40,66.2166666666667,257.15,292.2,367.15,517.166666666667,532.15,677.183333333333,,,,,,,,,,,,,,,,,,,,
41,6.06666666666667,142.116666666667,347.133333333333,632.133333333333,737.166666666667,757.166666666667,807.216666666667,952.183333333333,,,,,,,,,,,,,,,,,,,
42,142.116666666667,197.133333333333,212.116666666667,237.15,297.183333333333,312.116666666667,377.116666666667,467.133333333333,522.15,602.15,902.166666666667,907.183333333333,1002.21666666667,1037.21666666667,,,,,,,,,,,,,
43,,,,,,,,,,,,,,,,,,,,,,,,,,,
44,1.01666666666667,177.133333333333,227.15,362.116666666667,372.15,412.133333333333,607.216666666667,652.15,742.15,777.166666666667,,,,,,,,,,,,,,,,,
45,122.133333333333,142.116666666667,257.15,302.133333333333,377.116666666667,557.15,667.166666666667,752.233333333333,797.183333333333,1142.16666666667,1197.18333333333,,,,,,,,,,,,,,,,
46,1.01666666666667,142.116666666667,252.133333333333,292.2,352.15,397.166666666667,487.133333333333,517.166666666667,637.2,757.166666666667,762.216666666667,837.166666666667,857.15,1042.21666666667,1097.16666666667,,,,,,,,,,,,
47,1.01666666666667,112.166666666667,292.2,432.133333333333,597.166666666667,692.183333333333,862.2,1227.16666666667,,,,,,,,,,,,,,,,,,,
48,26.0166666666667,51.0166666666667,242.133333333333,362.116666666667,387.15,522.15,667.166666666667,697.166666666667,1057.18333333333,1242.18333333333,1287.15,,,,,,,,,,,,,,,,
49,1.01666666666667,107.15,247.133333333333,397.166666666667,402.15,592.166666666667,617.15,712.2,737.166666666667,837.166666666667,1067.21666666667,1117.18333333333,1282.11666666667,,,,,,,,,,,,,,
50,1.01666666666667,132.116666666667,257.15,402.15,582.15,607.216666666667,682.15,712.2,842.183333333333,987.2,,,,,,,,,,,,,,,,,
51,56.05,82.1333333333333,222.133333333333,232.116666666667,282.116666666667,377.116666666667,527.15,552.133333333333,602.15,622.15,732.166666666667,832.166666666667,,,,,,,,,,,,,,,
52,437.15,487.133333333333,492.133333333333,767.216666666667,812.183333333333,952.183333333333,1112.16666666667,1157.16666666667,1192.16666666667,1197.18333333333,1237.16666666667,1317.11666666667,,,,,,,,,,,,,,,
53,66.2166666666667,107.15,212.116666666667,222.133333333333,342.15,372.15,387.15,592.166666666667,627.183333333333,647.15,842.183333333333,,,,,,,,,,,,,,,,
54,1.01666666666667,177.133333333333,257.15,577.15,712.2,757.166666666667,777.166666666667,817.166666666667,,,,,,,,,,,,,,,,,,,
55,51.0166666666667,252.133333333333,257.15,347.133333333333,367.15,462.133333333333,517.166666666667,607.216666666667,702.216666666667,742.15,,,,,,,,,,,,,,,,,
56,31.0333333333333,66.2166666666667,127.15,202.133333333333,262.15,272.15,427.133333333333,442.15,477.15,642.15,662.15,672.183333333333,702.216666666667,777.166666666667,1142.16666666667,,,,,,,,,,,,
57,1.01666666666667,127.15,237.15,382.133333333333,477.15,652.15,802.166666666667,812.183333333333,,,,,,,,,,,,,,,,,,,
58,77.1166666666667,207.116666666667,332.133333333333,477.15,632.133333333333,762.216666666667,797.183333333333,882.166666666667,,,,,,,,,,,,,,,,,,,
59,87.1333333333333,217.1,237.15,437.15,467.133333333333,527.15,807.216666666667,867.183333333333,,,,,,,,,,,,,,,,,,,
60,417.116666666667,592.166666666667,722.166666666667,767.216666666667,857.15,877.2,1177.2,1192.16666666667,,,,,,,,,,,,,,,,,,,
61,1.01666666666667,142.116666666667,367.15,412.133333333333,602.15,612.15,742.15,,,,,,,,,,,,,,,,,,,,
62,312.266666666667,357.266666666667,417.25,447.283333333333,557.283333333333,932.35,962.333333333333,1107.3,,,,,,,,,,,,,,,,,,,
63,917.333333333333,,,,,,,,,,,,,,,,,,,,,,,,,,
64,237.3,357.266666666667,527.283333333333,597.316666666667,632.3,662.3,,,,,,,,,,,,,,,,,,,,,
65,1.16666666666667,102.266666666667,247.283333333333,252.266666666667,382.266666666667,422.283333333333,527.283333333333,532.3,592.3,622.283333333333,642.3,672.333333333333,752.383333333333,757.316666666667,882.316666666667,987.35,1012.35,1182.31666666667,1242.31666666667,,,,,,,,
66,232.25,392.266666666667,502.266666666667,552.3,592.3,682.3,757.316666666667,882.316666666667,942.333333333333,,,,,,,,,,,,,,,,,,
67,56.1833333333333,187.25,312.266666666667,507.266666666667,527.283333333333,632.3,697.333333333333,817.3,877.35,937.333333333333,1042.36666666667,,,,,,,,,,,,,,,,
68,,,,,,,,,,,,,,,,,,,,,,,,,,,
69,,,,,,,,,,,,,,,,,,,,,,,,,,,
70,1.16666666666667,147.283333333333,202.283333333333,287.266666666667,327.3,492.266666666667,622.283333333333,837.316666666667,862.35,,,,,,,,,,,,,,,,,,
71,,,,,,,,,,,,,,,,,,,,,,,,,,,
72,202.283333333333,,,,,,,,,,,,,,,,,,,,,,,,,,
73,56.1833333333333,107.283333333333,262.283333333333,722.316666666667,897.316666666667,,,,,,,,,,,,,,,,,,,,,,
74,1.16666666666667,162.266666666667,197.283333333333,357.266666666667,507.266666666667,557.283333333333,762.35,827.316666666667,832.3,897.316666666667,,,,,,,,,,,,,,,,,
75,26.1666666666667,117.266666666667,172.25,292.35,367.283333333333,537.333333333333,712.35,717.3,747.35,,,,,,,,,,,,,,,,,,
76,,,,,,,,,,,,,,,,,,,,,,,,,,,
77,21.2,517.316666666667,,,,,,,,,,,,,,,,,,,,,,,,,
78,512.316666666667,,,,,,,,,,,,,,,,,,,,,,,,,,
79,26.1666666666667,182.25,212.266666666667,337.283333333333,632.3,657.35,772.316666666667,857.3,,,,,,,,,,,,,,,,,,,
80,167.266666666667,302.266666666667,337.283333333333,417.25,497.266666666667,517.316666666667,597.316666666667,747.35,837.316666666667,1222.31666666667,,,,,,,,,,,,,,,,,
81,36.1833333333333,232.25,507.266666666667,527.283333333333,777.333333333333,832.3,882.316666666667,,,,,,,,,,,,,,,,,,,,
82,142.25,252.266666666667,377.266666666667,612.283333333333,617.3,872.35,947.333333333333,1057.33333333333,,,,,,,,,,,,,,,,,,,
83,1012.35,,,,,,,,,,,,,,,,,,,,,,,,,,
84,137.3,252.266666666667,492.266666666667,532.3,572.316666666667,592.3,,,,,,,,,,,,,,,,,,,,,
85,92.2833333333333,132.266666666667,342.283333333333,357.266666666667,442.3,482.283333333333,497.266666666667,502.266666666667,672.333333333333,802.316666666667,857.3,1207.3,1277.31666666667,,,,,,,,,,,,,,
86,36.1833333333333,127.283333333333,157.25,227.3,332.283333333333,347.266666666667,497.266666666667,512.316666666667,547.283333333333,647.3,672.333333333333,752.383333333333,772.316666666667,802.316666666667,842.333333333333,847.316666666667,882.316666666667,,,,,,,,,,
87,51.15,92.2833333333333,172.25,282.266666666667,342.283333333333,367.283333333333,487.283333333333,562.283333333333,592.3,637.333333333333,827.316666666667,862.35,962.333333333333,,,,,,,,,,,,,,
88,1.16666666666667,11.2,21.2,367.283333333333,432.283333333333,512.316666666667,562.283333333333,577.3,827.316666666667,847.316666666667,932.35,1287.28333333333,,,,,,,,,,,,,,,
89,1.16666666666667,167.266666666667,172.25,222.283333333333,287.266666666667,742.283333333333,1222.31666666667,,,,,,,,,,,,,,,,,,,,
90,11.2,56.1833333333333,162.266666666667,172.25,312.266666666667,442.3,592.3,672.333333333333,1017.33333333333,1087.35,,,,,,,,,,,,,,,,,
91,36.1833333333333,187.25,277.316666666667,312.266666666667,402.3,407.283333333333,522.3,622.283333333333,717.3,807.35,922.316666666667,1017.33333333333,,,,,,,,,,,,,,,
92,112.3,287.266666666667,427.283333333333,437.3,662.3,872.35,987.35,,,,,,,,,,,,,,,,,,,,
93,1.16666666666667,162.266666666667,362.266666666667,432.283333333333,572.316666666667,707.3,737.316666666667,842.333333333333,867.333333333333,897.316666666667,942.333333333333,1267.33333333333,,,,,,,,,,,,,,,
94,232.25,467.266666666667,592.3,807.35,,,,,,,,,,,,,,,,,,,,,,,
95,1.16666666666667,77.2666666666667,192.3,382.266666666667,417.25,507.266666666667,647.3,757.316666666667,762.35,897.316666666667,1117.33333333333,,,,,,,,,,,,,,,,
96,92.2833333333333,192.3,222.283333333333,332.283333333333,412.266666666667,477.3,482.283333333333,527.283333333333,577.3,612.283333333333,642.3,737.316666666667,747.35,792.333333333333,,,,,,,,,,,,,
97,11.2,127.283333333333,182.25,197.283333333333,357.266666666667,487.283333333333,512.316666666667,517.316666666667,522.3,527.283333333333,662.3,717.3,807.35,862.35,902.333333333333,1052.33333333333,1067.35,1097.31666666667,,,,,,,,,
98,1.16666666666667,112.3,252.266666666667,282.266666666667,437.3,562.283333333333,642.3,717.3,732.316666666667,767.366666666667,792.333333333333,822.333333333333,862.35,1097.31666666667,,,,,,,,,,,,,
99,272.433333333333,507.416666666667,577.433333333333,727.466666666667,762.5,777.483333333333,837.466666666667,897.466666666667,932.483333333333,957.5,982.45,992.466666666667,,,,,,,,,,,,,,,
100,82.4166666666667,157.383333333333,472.433333333333,607.5,827.466666666667,,,,,,,,,,,,,,,,,,,,,,
101,102.416666666667,302.416666666667,487.416666666667,687.483333333333,862.5,,,,,,,,,,,,,,,,,,,,,,
102,36.3333333333333,267.433333333333,312.4,327.45,362.416666666667,582.433333333333,647.45,782.516666666667,842.483333333333,847.466666666667,877.483333333333,907.466666666667,1207.45,,,,,,,,,,,,,,
103,21.35,117.416666666667,247.416666666667,267.433333333333,312.4,317.433333333333,347.416666666667,397.45,812.466666666667,,,,,,,,,,,,,,,,,,
104,36.3333333333333,152.4,167.4,282.416666666667,397.45,442.45,577.433333333333,627.466666666667,757.466666666667,837.466666666667,,,,,,,,,,,,,,,,,
105,31.3166666666667,182.4,217.383333333333,272.433333333333,312.4,467.416666666667,622.433333333333,772.45,777.483333333333,,,,,,,,,,,,,,,,,,
106,,,,,,,,,,,,,,,,,,,,,,,,,,,
107,297.483333333333,412.416666666667,767.5,812.466666666667,852.433333333333,922.466666666667,1182.46666666667,,,,,,,,,,,,,,,,,,,,
108,36.3333333333333,367.433333333333,372.433333333333,497.4,587.433333333333,907.466666666667,,,,,,,,,,,,,,,,,,,,,
109,562.433333333333,,,,,,,,,,,,,,,,,,,,,,,,,,
110,6.35,162.4,297.483333333333,632.45,657.483333333333,812.466666666667,827.466666666667,842.483333333333,1152.43333333333,1157.45,1277.45,1282.4,1292.4,1352.46666666667,1357.43333333333,,,,,,,,,,,,
111,1.31666666666667,97.4,197.416666666667,407.433333333333,477.45,567.433333333333,617.45,657.483333333333,672.483333333333,737.466666666667,747.5,927.45,1027.5,1277.45,,,,,,,,,,,,,
112,1.31666666666667,137.433333333333,317.433333333333,472.433333333333,627.466666666667,672.483333333333,787.483333333333,802.45,947.466666666667,,,,,,,,,,,,,,,,,,
113,56.3333333333333,172.4,262.433333333333,292.483333333333,317.433333333333,582.433333333333,697.466666666667,797.466666666667,817.45,932.483333333333,1007.48333333333,,,,,,,,,,,,,,,,
114,1.31666666666667,61.35,257.45,362.416666666667,477.45,542.433333333333,562.433333333333,612.433333333333,647.45,697.466666666667,747.5,757.466666666667,807.516666666667,812.466666666667,817.45,872.5,882.466666666667,922.466666666667,1182.46666666667,1357.43333333333,,,,,,,
115,72.4,252.416666666667,442.45,457.466666666667,602.45,627.466666666667,647.45,652.433333333333,687.483333333333,697.466666666667,717.45,802.45,917.483333333333,,,,,,,,,,,,,,
116,6.35,112.45,232.4,327.45,377.4,392.416666666667,517.466666666667,697.466666666667,722.45,927.45,,,,,,,,,,,,,,,,,
117,46.3166666666667,82.4166666666667,142.4,182.4,277.45,327.45,502.4,507.416666666667,522.433333333333,672.483333333333,707.45,797.466666666667,852.433333333333,872.5,1302.41666666667,,,,,,,,,,,,
118,61.35,97.4,152.4,207.383333333333,322.416666666667,502.4,712.483333333333,762.5,822.483333333333,882.466666666667,967.5,,,,,,,,,,,,,,,,
119,46.3166666666667,122.4,167.4,277.45,307.4,322.416666666667,472.433333333333,587.433333333333,592.45,832.45,972.483333333333,1207.45,,,,,,,,,,,,,,,
120,,,,,,,,,,,,,,,,,,,,,,,,,,,
121,31.3166666666667,132.4,327.45,352.433333333333,397.45,572.45,712.483333333333,,,,,,,,,,,,,,,,,,,,
122,1.31666666666667,77.4166666666667,142.4,327.45,462.433333333333,492.416666666667,622.433333333333,652.433333333333,,,,,,,,,,,,,,,,,,,
123,,,,,,,,,,,,,,,,,,,,,,,,,,,
124,112.45,137.433333333333,147.433333333333,287.416666666667,457.466666666667,502.4,567.433333333333,737.466666666667,742.433333333333,862.5,,,,,,,,,,,,,,,,,
125,6.35,66.5,167.4,322.416666666667,372.433333333333,517.466666666667,662.433333333333,797.466666666667,917.483333333333,1067.5,,,,,,,,,,,,,,,,,
126,92.4333333333333,297.483333333333,332.416666666667,472.433333333333,647.45,672.483333333333,877.483333333333,902.466666666667,,,,,,,,,,,,,,,,,,,
127,11.3333333333333,132.4,137.433333333333,477.45,567.433333333333,607.5,717.45,722.45,737.466666666667,887.5,947.466666666667,1067.5,1147.46666666667,1197.5,,,,,,,,,,,,,
128,202.416666666667,277.45,367.433333333333,517.466666666667,682.433333333333,862.5,927.45,,,,,,,,,,,,,,,,,,,,
129,82.4166666666667,132.4,147.433333333333,317.433333333333,387.433333333333,417.4,477.45,497.4,542.433333333333,652.433333333333,737.466666666667,767.5,807.516666666667,,,,,,,,,,,,,,
130,367.433333333333,447.433333333333,502.4,767.5,842.483333333333,,,,,,,,,,,,,,,,,,,,,,
131,132.4,317.433333333333,332.416666666667,402.433333333333,507.416666666667,537.466666666667,572.45,837.466666666667,947.466666666667,957.5,1007.48333333333,,,,,,,,,,,,,,,,
132,82.4166666666667,142.4,177.416666666667,212.4,407.433333333333,517.466666666667,557.433333333333,812.466666666667,,,,,,,,,,,,,,,,,,,
133,117.416666666667,122.4,272.433333333333,537.466666666667,697.466666666667,757.466666666667,787.483333333333,1022.51666666667,1142.45,,,,,,,,,,,,,,,,,,
134,51.4333333333333,157.533333333333,237.583333333333,282.55,302.55,327.6,422.583333333333,482.566666666667,562.583333333333,567.583333333333,612.566666666667,697.616666666667,827.6,897.6,,,,,,,,,,,,,
135,217.516666666667,342.583333333333,567.583333333333,712.633333333333,792.616666666667,867.616666666667,872.633333333333,,,,,,,,,,,,,,,,,,,,
136,72.5333333333333,222.566666666667,452.566666666667,487.566666666667,492.566666666667,572.6,667.583333333333,,,,,,,,,,,,,,,,,,,,
137,1.45,137.583333333333,292.633333333333,312.55,422.583333333333,572.6,732.6,797.616666666667,,,,,,,,,,,,,,,,,,,
138,1.45,87.5666666666667,242.566666666667,307.55,312.55,442.6,542.566666666667,652.583333333333,742.583333333333,1132.65,,,,,,,,,,,,,,,,,
139,1.45,82.55,147.566666666667,222.566666666667,312.55,322.566666666667,452.566666666667,462.583333333333,547.566666666667,582.583333333333,637.633333333333,672.633333333333,717.6,747.633333333333,927.6,1067.65,1102.6,1227.6,,,,,,,,,
140,72.5333333333333,157.533333333333,302.55,387.583333333333,392.566666666667,417.55,507.566666666667,582.583333333333,642.583333333333,707.583333333333,847.6,862.65,,,,,,,,,,,,,,,
141,6.48333333333333,97.5333333333333,307.55,432.566666666667,482.566666666667,562.583333333333,652.583333333333,677.616666666667,742.583333333333,762.65,972.616666666667,1297.55,1357.58333333333,,,,,,,,,,,,,,
142,61.4833333333333,107.566666666667,207.533333333333,322.566666666667,392.566666666667,427.566666666667,462.583333333333,517.616666666667,777.616666666667,822.616666666667,922.616666666667,,,,,,,,,,,,,,,,
143,,,,,,,,,,,,,,,,,,,,,,,,,,,
144,167.533333333333,182.533333333333,282.55,322.566666666667,587.583333333333,592.583333333333,752.683333333333,862.65,922.616666666667,1032.65,1142.6,,,,,,,,,,,,,,,,
145,,,,,,,,,,,,,,,,,,,,,,,,,,,
146,72.5333333333333,202.55,342.583333333333,452.566666666667,487.566666666667,512.6,702.65,742.583333333333,847.6,997.633333333333,1082.63333333333,1187.61666666667,,,,,,,,,,,,,,,
147,21.5,252.566666666667,302.55,377.55,502.55,532.6,892.633333333333,,,,,,,,,,,,,,,,,,,,
148,357.566666666667,362.566666666667,,,,,,,,,,,,,,,,,,,,,,,,,
149,,,,,,,,,,,,,,,,,,,,,,,,,,,
150,1.45,66.65,97.5333333333333,187.533333333333,257.6,367.566666666667,392.566666666667,552.583333333333,617.583333333333,632.583333333333,752.683333333333,757.616666666667,817.583333333333,877.633333333333,927.6,1157.6,1197.63333333333,1247.63333333333,1337.55,,,,,,,,
151,46.45,177.55,367.566666666667,467.55,617.583333333333,677.616666666667,702.65,712.633333333333,847.6,887.65,,,,,,,,,,,,,,,,,
152,1.45,157.533333333333,337.583333333333,352.583333333333,377.55,392.566666666667,477.6,527.566666666667,577.583333333333,657.633333333333,1237.6,1367.6,,,,,,,,,,,,,,,
153,92.5666666666667,222.566666666667,242.566666666667,402.583333333333,522.583333333333,712.633333333333,837.616666666667,887.65,907.616666666667,927.6,1012.63333333333,,,,,,,,,,,,,,,,
154,82.55,87.5666666666667,197.566666666667,262.583333333333,292.633333333333,627.616666666667,707.583333333333,932.633333333333,1142.6,1197.63333333333,,,,,,,,,,,,,,,,,
155,31.4666666666667,157.533333333333,187.533333333333,357.566666666667,492.566666666667,782.65,,,,,,,,,,,,,,,,,,,,,
156,1.45,117.55,272.583333333333,362.566666666667,407.583333333333,412.566666666667,427.566666666667,507.566666666667,637.633333333333,697.616666666667,727.616666666667,732.6,852.583333333333,877.633333333333,,,,,,,,,,,,,
157,41.45,46.45,132.55,202.55,307.55,467.55,517.616666666667,552.583333333333,647.583333333333,767.65,772.6,787.616666666667,872.633333333333,997.633333333333,,,,,,,,,,,,,
158,92.5666666666667,337.583333333333,527.566666666667,647.583333333333,657.633333333333,742.583333333333,1042.65,,,,,,,,,,,,,,,,,,,,
159,1.45,107.566666666667,212.55,247.566666666667,397.6,517.616666666667,687.616666666667,787.616666666667,917.616666666667,932.633333333333,1047.65,,,,,,,,,,,,,,,,
160,31.4666666666667,147.566666666667,302.55,357.566666666667,447.583333333333,747.633333333333,1062.66666666667,,,,,,,,,,,,,,,,,,,,
161,11.4833333333333,282.55,552.583333333333,757.616666666667,852.583333333333,867.616666666667,927.6,942.616666666667,1352.61666666667,,,,,,,,,,,,,,,,,,
162,,,,,,,,,,,,,,,,,,,,,,,,,,,
163,342.583333333333,417.55,432.566666666667,612.566666666667,872.633333333333,972.616666666667,1042.65,1072.61666666667,1167.6,,,,,,,,,,,,,,,,,,
164,397.6,467.55,622.583333333333,802.6,807.65,,,,,,,,,,,,,,,,,,,,,,
165,131.1,136.1,191.1,301.1,356.1,431.1,506.1,606.116666666667,631.116666666667,676.116666666667,746.133333333333,901.133333333333,,,,,,,,,,,,,,,
166,71.1,386.1,696.116666666667,956.15,1031.16666666667,,,,,,,,,,,,,,,,,,,,,,
167,0,91.1,186.1,271.1,361.083333333333,471.083333333333,506.1,591.116666666667,596.116666666667,706.116666666667,721.116666666667,811.133333333333,896.133333333333,,,,,,,,,,,,,,
168,151.1,226.1,311.1,406.1,496.083333333333,586.116666666667,646.116666666667,706.116666666667,726.133333333333,741.116666666667,756.133333333333,886.133333333333,,,,,,,,,,,,,,,
169,266.1,296.1,401.1,471.083333333333,551.116666666667,556.116666666667,611.116666666667,676.116666666667,726.133333333333,736.133333333333,816.133333333333,996.15,1291.1,,,,,,,,,,,,,,
170,5.01666666666667,151.1,176.1,241.1,256.1,361.083333333333,466.1,561.116666666667,711.133333333333,736.133333333333,786.133333333333,901.133333333333,,,,,,,,,,,,,,,
171,5.01666666666667,60.0166666666667,166.1,231.1,271.1,301.1,381.1,456.083333333333,541.1,631.116666666667,646.116666666667,701.116666666667,756.133333333333,786.133333333333,866.133333333333,,,,,,,,,,,,
172,76.1,121.1,206.1,246.1,286.1,356.1,426.1,471.083333333333,506.1,521.116666666667,576.116666666667,636.116666666667,661.116666666667,691.116666666667,741.116666666667,751.133333333333,801.133333333333,901.133333333333,,,,,,,,,
173,25.0166666666667,101.1,151.1,271.1,351.1,436.1,531.116666666667,716.116666666667,811.133333333333,886.133333333333,951.133333333333,1131.11666666667,,,,,,,,,,,,,,,
174,261.25,311.25,421.233333333333,491.233333333333,516.266666666667,576.266666666667,656.266666666667,681.266666666667,731.266666666667,761.283333333333,811.283333333333,886.283333333333,916.283333333333,1201.25,,,,,,,,,,,,,
175,241.25,311.25,396.25,461.233333333333,556.266666666667,646.266666666667,741.266666666667,811.283333333333,896.283333333333,,,,,,,,,,,,,,,,,,
176,0.15,91.25,246.25,371.25,646.266666666667,676.266666666667,886.283333333333,,,,,,,,,,,,,,,,,,,,
177,91.25,181.233333333333,226.233333333333,381.25,711.283333333333,806.283333333333,,,,,,,,,,,,,,,,,,,,,
178,50.1666666666667,126.25,216.25,291.25,386.25,461.233333333333,496.233333333333,541.25,621.266666666667,696.266666666667,701.266666666667,771.283333333333,846.283333333333,866.283333333333,891.283333333333,,,,,,,,,,,,
179,156.25,266.25,516.266666666667,741.266666666667,766.266666666667,911.283333333333,1006.3,,,,,,,,,,,,,,,,,,,,
180,25.1666666666667,40.15,121.25,171.25,311.25,491.233333333333,641.266666666667,766.266666666667,846.283333333333,1291.25,,,,,,,,,,,,,,,,,
181,10.1666666666667,96.25,111.25,176.25,211.25,246.25,326.25,411.233333333333,481.25,561.266666666667,631.266666666667,706.266666666667,776.283333333333,866.283333333333,,,,,,,,,,,,,
182,71.25,96.25,171.25,321.25,406.25,476.25,571.266666666667,671.266666666667,751.283333333333,836.266666666667,,,,,,,,,,,,,,,,,
183,126.25,206.25,246.25,326.25,681.266666666667,686.266666666667,786.283333333333,891.283333333333,1091.26666666667,1236.28333333333,,,,,,,,,,,,,,,,,
184,106.25,296.25,396.25,486.25,771.283333333333,901.283333333333,,,,,,,,,,,,,,,,,,,,,
185,5.18333333333333,20.1666666666667,121.25,211.25,216.25,286.25,366.25,391.25,466.233333333333,641.266666666667,731.266666666667,806.283333333333,816.283333333333,826.283333333333,891.283333333333,896.283333333333,,,,,,,,,,,
186,231.25,276.25,411.233333333333,436.25,481.25,546.266666666667,571.266666666667,636.266666666667,651.266666666667,711.283333333333,771.283333333333,781.283333333333,851.283333333333,886.283333333333,1336.25,,,,,,,,,,,,
187,30.3166666666667,65.45,91.4,136.4,306.4,386.383333333333,451.383333333333,536.416666666667,621.416666666667,716.416666666667,801.433333333333,,,,,,,,,,,,,,,,
188,15.3166666666667,101.4,176.4,266.4,341.383333333333,466.383333333333,641.416666666667,726.416666666667,801.433333333333,901.433333333333,,,,,,,,,,,,,,,,,
189,0.3,55.3166666666667,71.3833333333333,146.4,176.4,236.4,301.383333333333,331.4,376.383333333333,481.383333333333,626.416666666667,641.416666666667,711.433333333333,791.416666666667,876.416666666667,,,,,,,,,,,,
190,91.4,196.383333333333,531.4,816.433333333333,856.416666666667,,,,,,,,,,,,,,,,,,,,,,
191,121.4,256.4,516.416666666667,821.433333333333,1021.45,,,,,,,,,,,,,,,,,,,,,,
192,166.383333333333,301.383333333333,526.4,676.416666666667,721.416666666667,881.416666666667,886.433333333333,946.433333333333,971.45,1106.41666666667,,,,,,,,,,,,,,,,,
193,0.3,91.4,171.4,251.4,336.4,406.383333333333,491.383333333333,556.416666666667,631.416666666667,716.416666666667,806.433333333333,,,,,,,,,,,,,,,,
194,10.3,101.4,116.4,186.383333333333,221.4,351.383333333333,401.383333333333,486.383333333333,571.416666666667,601.416666666667,721.416666666667,766.416666666667,816.433333333333,851.416666666667,,,,,,,,,,,,,
195,50.3,201.383333333333,271.4,346.383333333333,416.383333333333,481.383333333333,706.416666666667,,,,,,,,,,,,,,,,,,,,
196,81.55,156.533333333333,226.533333333333,301.533333333333,386.533333333333,496.533333333333,566.55,646.566666666667,716.566666666667,731.566666666667,806.566666666667,841.566666666667,896.583333333333,,,,,,,,,,,,,,
197,251.533333333333,461.533333333333,496.533333333333,696.566666666667,746.566666666667,771.566666666667,861.583333333333,886.583333333333,,,,,,,,,,,,,,,,,,,
198,50.4333333333333,146.55,236.533333333333,326.533333333333,416.533333333333,496.533333333333,521.55,536.566666666667,601.566666666667,736.566666666667,781.566666666667,,,,,,,,,,,,,,,,
199,15.45,126.55,206.533333333333,271.533333333333,346.533333333333,361.516666666667,411.533333333333,416.533333333333,491.533333333333,581.55,661.55,846.583333333333,,,,,,,,,,,,,,,
200,35.45,111.55,116.533333333333,171.533333333333,311.533333333333,381.533333333333,421.533333333333,481.533333333333,491.533333333333,496.533333333333,541.55,621.55,691.566666666667,756.566666666667,776.583333333333,796.566666666667,836.566666666667,906.583333333333,1181.56666666667,,,,,,,,
201,15.45,116.533333333333,191.533333333333,231.533333333333,266.55,356.533333333333,451.533333333333,631.55,661.55,731.566666666667,816.566666666667,911.583333333333,951.583333333333,996.583333333333,,,,,,,,,,,,,
202,25.6,35.5833333333333,241.683333333333,486.683333333333,811.733333333333,911.75,,,,,,,,,,,,,,,,,,,,,
203,641.7,761.733333333333,,,,,,,,,,,,,,,,,,,,,,,,,
204,0.583333333333333,86.6833333333333,171.683333333333,201.666666666667,306.666666666667,376.683333333333,461.683333333333,531.7,616.7,721.716666666667,821.716666666667,886.733333333333,911.75,,,,,,,,,,,,,,
205,538.816666666667,,,,,,,,,,,,,,,,,,,,,,,,,,
206,12.65,108.75,183.7,248.766666666667,263.783333333333,358.766666666667,418.75,503.75,673.8,763.833333333333,773.8,838.8,858.766666666667,,,,,,,,,,,,,,
207,148.75,238.783333333333,258.8,328.816666666667,418.75,493.733333333333,618.8,863.85,1078.8,1243.85,1313.71666666667,,,,,,,,,,,,,,,,
208,128.75,138.75,243.75,328.816666666667,383.75,408.783333333333,443.783333333333,493.733333333333,588.783333333333,638.816666666667,668.766666666667,758.8,773.8,853.75,1193.81666666667,,,,,,,,,,,,
209,32.6166666666667,203.733333333333,283.733333333333,358.766666666667,373.783333333333,473.766666666667,618.8,648.8,688.816666666667,1113.8,,,,,,,,,,,,,,,,,
210,153.716666666667,233.766666666667,323.766666666667,413.75,428.766666666667,513.8,588.783333333333,668.766666666667,748.816666666667,843.816666666667,858.766666666667,,,,,,,,,,,,,,,,
211,293.833333333333,313.75,353.783333333333,448.783333333333,468.75,488.766666666667,533.8,568.766666666667,658.85,713.833333333333,738.8,808.85,923.833333333333,,,,,,,,,,,,,,
212,,,,,,,,,,,,,,,,,,,,,,,,,,,
213,2.63333333333333,498.75,,,,,,,,,,,,,,,,,,,,,,,,,
214,,,,,,,,,,,,,,,,,,,,,,,,,,,
215,,,,,,,,,,,,,,,,,,,,,,,,,,,
216,32.6166666666667,108.75,173.716666666667,278.8,298.816666666667,368.783333333333,458.8,548.766666666667,618.8,803.8,,,,,,,,,,,,,,,,,
217,143.7,253.75,278.8,303.75,353.783333333333,363.75,418.75,423.766666666667,538.816666666667,563.766666666667,638.816666666667,648.8,773.8,1283.71666666667,,,,,,,,,,,,,
218,7.65,88.75,253.75,333.766666666667,413.75,493.733333333333,578.766666666667,788.816666666667,898.833333333333,,,,,,,,,,,,,,,,,,
219,138.75,228.783333333333,318.783333333333,338.766666666667,383.75,413.75,613.766666666667,1043.85,1098.81666666667,1173.78333333333,,,,,,,,,,,,,,,,,
220,2.63333333333333,68.4833333333333,88.75,153.716666666667,258.8,1158.8,,,,,,,,,,,,,,,,,,,,,
221,,,,,,,,,,,,,,,,,,,,,,,,,,,
222,138.75,273.8,308.75,313.75,543.766666666667,618.8,718.783333333333,778.816666666667,813.816666666667,908.8,933.85,,,,,,,,,,,,,,,,
223,12.65,88.75,103.716666666667,158.7,168.7,248.766666666667,308.75,328.816666666667,338.766666666667,408.783333333333,483.766666666667,553.783333333333,638.816666666667,643.783333333333,713.833333333333,743.766666666667,748.816666666667,793.833333333333,838.8,853.75,998.833333333333,,,,,,
224,42.6,57.6166666666667,88.75,143.7,158.7,163.716666666667,168.7,248.766666666667,313.75,318.783333333333,388.783333333333,418.75,488.766666666667,543.766666666667,643.783333333333,758.8,823.816666666667,908.8,983.8,1308.7,,,,,,,
225,37.65,123.733333333333,213.733333333333,228.783333333333,313.75,388.783333333333,498.75,633.783333333333,673.8,848.816666666667,,,,,,,,,,,,,,,,,
226,47.6166666666667,138.75,218.7,318.783333333333,403.783333333333,478.8,553.783333333333,578.766666666667,633.783333333333,713.833333333333,898.833333333333,,,,,,,,,,,,,,,,
227,7.65,52.6,103.716666666667,413.75,678.783333333333,693.816666666667,703.85,1298.71666666667,,,,,,,,,,,,,,,,,,,
228,123.733333333333,213.733333333333,318.783333333333,403.783333333333,503.75,583.766666666667,723.816666666667,828.8,908.8,,,,,,,,,,,,,,,,,,
229,213.733333333333,238.783333333333,338.766666666667,423.766666666667,508.75,598.816666666667,658.85,713.833333333333,803.8,853.75,908.8,,,,,,,,,,,,,,,,
230,73.7166666666667,158.7,263.783333333333,398.8,423.766666666667,473.766666666667,488.766666666667,613.766666666667,648.8,673.8,733.783333333333,748.816666666667,813.816666666667,908.8,913.833333333333,,,,,,,,,,,,
231,42.6,118.716666666667,228.783333333333,303.75,378.75,443.783333333333,533.8,558.75,593.783333333333,603.783333333333,678.783333333333,753.866666666667,783.85,833.783333333333,853.75,1073.83333333333,,,,,,,,,,,
232,2.63333333333333,32.6166666666667,133.733333333333,228.783333333333,308.75,433.766666666667,483.766666666667,508.75,583.766666666667,593.783333333333,663.783333333333,683.783333333333,868.833333333333,883.816666666667,,,,,,,,,,,,,
233,17.6333333333333,133.733333333333,233.766666666667,258.8,293.833333333333,468.75,553.783333333333,573.8,703.85,753.866666666667,823.816666666667,,,,,,,,,,,,,,,,
234,133.733333333333,213.733333333333,328.816666666667,428.766666666667,503.75,558.75,603.783333333333,663.783333333333,683.783333333333,753.866666666667,833.783333333333,1043.85,1303.71666666667,,,,,,,,,,,,,,
235,118.716666666667,123.733333333333,213.733333333333,403.783333333333,493.733333333333,588.783333333333,668.766666666667,763.833333333333,778.816666666667,,,,,,,,,,,,,,,,,,
236,368.783333333333,473.766666666667,563.766666666667,653.766666666667,658.85,808.85,963.816666666667,,,,,,,,,,,,,,,,,,,,
237,7.65,22.7166666666667,37.65,123.733333333333,218.7,308.75,403.783333333333,488.766666666667,563.766666666667,648.8,733.783333333333,818.766666666667,913.833333333333,,,,,,,,,,,,,,
238,27.7666666666667,118.866666666667,203.883333333333,288.9,363.9,453.916666666667,548.9,638.966666666667,754,,,,,,,,,,,,,,,,,,
239,7.78333333333333,47.75,68.6333333333333,128.883333333333,138.9,283.9,353.933333333333,428.916666666667,513.933333333333,598.966666666667,613.916666666667,688.966666666667,703.983333333333,788.966666666667,863.983333333333,1278.93333333333,,,,,,,,,,,
240,78.9,178.866666666667,183.833333333333,488.916666666667,508.9,563.916666666667,598.966666666667,603.933333333333,648.95,723.966666666667,793.983333333333,,,,,,,,,,,,,,,,
241,148.9,303.9,318.933333333333,393.916666666667,413.9,458.966666666667,528.916666666667,568.916666666667,578.916666666667,658.983333333333,668.916666666667,728.933333333333,818.916666666667,1148.98333333333,,,,,,,,,,,,,
242,93.9,198.866666666667,308.9,338.916666666667,473.916666666667,563.916666666667,718.933333333333,,,,,,,,,,,,,,,,,,,,
243,2.76666666666667,113.933333333333,218.833333333333,288.9,383.9,398.95,478.95,588.916666666667,603.933333333333,693.966666666667,,,,,,,,,,,,,,,,,
244,653.916666666667,894,,,,,,,,,,,,,,,,,,,,,,,,,
245,78.9,93.9,368.933333333333,433.916666666667,448.933333333333,493.883333333333,583.916666666667,698.966666666667,713.983333333333,933.983333333333,1203.96666666667,,,,,,,,,,,,,,,,
246,168.85,248.916666666667,438.95,523.95,598.966666666667,683.933333333333,769,803.95,1029,1173.93333333333,1308.85,,,,,,,,,,,,,,,,
247,42.75,118.866666666667,203.883333333333,278.95,293.983333333333,408.933333333333,473.916666666667,613.916666666667,863.983333333333,1158.95,1198.98333333333,,,,,,,,,,,,,,,,
248,27.7666666666667,98.85,173.85,268.933333333333,363.9,458.966666666667,473.916666666667,533.966666666667,548.9,953.966666666667,998.983333333333,,,,,,,,,,,,,,,,
249,32.7833333333333,133.866666666667,213.866666666667,298.966666666667,388.933333333333,458.966666666667,553.933333333333,568.916666666667,633.933333333333,,,,,,,,,,,,,,,,,,
250,78.9,148.9,223.9,298.966666666667,368.933333333333,453.916666666667,643.933333333333,778.966666666667,1179,,,,,,,,,,,,,,,,,,
251,52.7333333333333,133.866666666667,218.833333333333,303.9,393.916666666667,493.883333333333,578.916666666667,668.916666666667,763.983333333333,1163.91666666667,,,,,,,,,,,,,,,,,
252,63.3833333333333,148.9,248.916666666667,323.916666666667,403.933333333333,488.916666666667,568.916666666667,648.95,818.916666666667,908.966666666667,,,,,,,,,,,,,,,,,
253,57.7666666666667,133.866666666667,188.866666666667,268.933333333333,338.916666666667,418.9,483.9,563.916666666667,653.916666666667,973.966666666667,,,,,,,,,,,,,,,,,
254,153.866666666667,238.916666666667,348.916666666667,418.9,448.933333333333,498.9,578.916666666667,663.933333333333,668.916666666667,758.95,769,788.966666666667,833.933333333333,903.95,,,,,,,,,,,,,
255,103.866666666667,188.866666666667,278.95,368.933333333333,453.916666666667,473.916666666667,553.933333333333,583.916666666667,618.933333333333,723.966666666667,,,,,,,,,,,,,,,,,
256,213.866666666667,273.95,323.916666666667,398.95,483.9,578.916666666667,658.983333333333,754,848.983333333333,863.983333333333,,,,,,,,,,,,,,,,,
257,78.9,148.9,238.916666666667,258.933333333333,333.916666666667,418.9,503.883333333333,578.916666666667,603.933333333333,763.983333333333,848.983333333333,,,,,,,,,,,,,,,,
258,248.916666666667,293.983333333333,533.966666666667,623.933333333333,894,,,,,,,,,,,,,,,,,,,,,,
259,,,,,,,,,,,,,,,,,,,,,,,,,,,
260,63.3833333333333,143.866666666667,223.9,318.933333333333,398.95,603.933333333333,688.966666666667,788.966666666667,,,,,,,,,,,,,,,,,,,
261,238.916666666667,333.916666666667,423.916666666667,463.916666666667,513.933333333333,623.933333333333,703.983333333333,798.983333333333,874,,,,,,,,,,,,,,,,,,
262,22.8666666666667,98.85,173.85,253.9,318.933333333333,388.933333333333,488.916666666667,673.95,688.966666666667,903.95,,,,,,,,,,,,,,,,,
263,37.7833333333333,148.9,228.916666666667,313.9,408.933333333333,493.883333333333,603.933333333333,718.933333333333,803.95,,,,,,,,,,,,,,,,,,
264,228.916666666667,258.933333333333,353.933333333333,423.916666666667,478.95,663.933333333333,838.933333333333,879,1069.01666666667,1179,1228.95,,,,,,,,,,,,,,,,
265,12.7833333333333,118.866666666667,233.9,418.9,508.9,598.966666666667,668.916666666667,683.933333333333,758.95,894,,,,,,,,,,,,,,,,,
266,134,314.05,404.083333333333,494.016666666667,529.066666666667,589.066666666667,644.083333333333,659.133333333333,709.083333333333,779.133333333333,834.083333333333,929.083333333333,999.133333333333,,,,,,,,,,,,,,
267,57.9166666666667,124.016666666667,239.066666666667,294.133333333333,1009.13333333333,1054.13333333333,1154.08333333333,1294.01666666667,,,,,,,,,,,,,,,,,,,
268,324.066666666667,,,,,,,,,,,,,,,,,,,,,,,,,,
269,154.016666666667,254.05,354.066666666667,419.05,459.116666666667,514.083333333333,599.1,724.133333333333,739.116666666667,779.133333333333,799.133333333333,844.116666666667,909.116666666667,1264.08333333333,,,,,,,,,,,,,
270,129.033333333333,214.016666666667,299.116666666667,304.05,374.083333333333,389.066666666667,469.033333333333,529.066666666667,549.05,619.083333333333,709.083333333333,784.15,819.05,1354.11666666667,,,,,,,,,,,,,
271,57.9166666666667,129.033333333333,149.033333333333,154.016666666667,229.066666666667,294.133333333333,304.05,334.05,374.083333333333,419.05,454.066666666667,514.083333333333,574.1,694.116666666667,764.15,794.133333333333,799.133333333333,849.133333333333,869.133333333333,954.116666666667,1044.15,,,,,,
272,63.5166666666667,144,218.983333333333,314.05,429.066666666667,459.116666666667,564.066666666667,669.066666666667,909.116666666667,,,,,,,,,,,,,,,,,,
273,89.05,168.983333333333,204.016666666667,304.05,419.05,524.1,614.066666666667,734.083333333333,1104.13333333333,1199.13333333333,,,,,,,,,,,,,,,,,
274,183.983333333333,199.016666666667,279.1,494.016666666667,599.1,664.066666666667,814.116666666667,829.1,914.133333333333,964.133333333333,1304.01666666667,,,,,,,,,,,,,,,,
275,7.93333333333333,89.05,109.05,168.983333333333,249.066666666667,574.1,,,,,,,,,,,,,,,,,,,,,
276,2.91666666666667,119.016666666667,129.033333333333,229.066666666667,324.066666666667,404.083333333333,494.016666666667,514.083333333333,574.1,669.066666666667,774.1,,,,,,,,,,,,,,,,
277,37.9333333333333,129.033333333333,134,199.016666666667,284.05,364.033333333333,444.083333333333,519.1,604.083333333333,779.133333333333,789.116666666667,1149.13333333333,,,,,,,,,,,,,,,
278,104.016666666667,134,229.066666666667,309.05,329.116666666667,399.083333333333,489.05,614.066666666667,629.083333333333,719.083333333333,809.15,824.133333333333,834.083333333333,899.116666666667,1114.08333333333,,,,,,,,,,,,
279,7.93333333333333,84.0166666666667,109.05,183.983333333333,224.033333333333,249.066666666667,314.05,334.05,404.083333333333,409.066666666667,469.033333333333,474.066666666667,,,,,,,,,,,,,,,
280,32.9166666666667,119.016666666667,174,204.016666666667,209,274.1,279.1,294.133333333333,364.033333333333,404.083333333333,419.05,449.083333333333,509.033333333333,544.066666666667,564.066666666667,574.1,629.083333333333,639.116666666667,739.116666666667,784.15,869.133333333333,1034.15,1144.1,,,,
281,2.91666666666667,74.0166666666667,174,249.066666666667,319.083333333333,394.066666666667,474.066666666667,529.066666666667,629.083333333333,714.133333333333,734.083333333333,834.083333333333,839.083333333333,,,,,,,,,,,,,,
282,63.5166666666667,84.0166666666667,154.016666666667,239.066666666667,294.133333333333,324.066666666667,409.066666666667,484.05,494.016666666667,499.066666666667,554.083333333333,659.133333333333,744.05,1274.13333333333,,,,,,,,,,,,,
283,42.8833333333333,134,199.016666666667,279.1,364.033333333333,404.083333333333,444.083333333333,469.033333333333,519.1,584.066666666667,639.116666666667,669.066666666667,739.116666666667,754.15,819.05,839.083333333333,,,,,,,,,,,
284,168.983333333333,249.066666666667,334.05,349.05,424.066666666667,524.1,599.1,669.066666666667,774.1,849.133333333333,1244.13333333333,,,,,,,,,,,,,,,,
285,2.91666666666667,74.0166666666667,79.0333333333333,234.05,299.116666666667,314.05,359.066666666667,389.066666666667,449.083333333333,524.1,534.116666666667,539.1,624.083333333333,764.15,,,,,,,,,,,,,
286,2.91666666666667,63.5166666666667,104.016666666667,224.033333333333,234.05,324.066666666667,399.083333333333,474.066666666667,584.066666666667,679.1,734.083333333333,859.05,,,,,,,,,,,,,,,
287,12.9333333333333,99,168.983333333333,174,234.05,314.05,324.066666666667,419.05,494.016666666667,574.1,664.066666666667,754.15,,,,,,,,,,,,,,,
288,2.91666666666667,79.0333333333333,164,264.083333333333,339.083333333333,504.033333333333,584.066666666667,654.066666666667,734.083333333333,819.05,909.116666666667,,,,,,,,,,,,,,,,
289,27.9166666666667,149.033333333333,244.033333333333,249.066666666667,349.05,429.066666666667,504.033333333333,534.116666666667,574.1,594.083333333333,699.116666666667,909.116666666667,1199.13333333333,,,,,,,,,,,,,,
290,139.05,224.033333333333,304.05,379.05,399.083333333333,454.066666666667,469.033333333333,534.116666666667,609.15,649.1,699.116666666667,754.15,774.1,829.1,844.116666666667,1084.16666666667,1339.01666666667,,,,,,,,,,
291,7.93333333333333,129.033333333333,249.066666666667,339.083333333333,429.066666666667,529.066666666667,544.066666666667,594.083333333333,634.066666666667,649.1,709.083333333333,739.116666666667,804.1,869.133333333333,904.1,939.15,954.116666666667,,,,,,,,,,
292,12.9333333333333,104.016666666667,194.016666666667,289.05,299.116666666667,379.05,454.066666666667,489.05,504.033333333333,539.1,564.066666666667,644.083333333333,654.066666666667,729.083333333333,819.05,839.083333333333,904.1,1334.03333333333,,,,,,,,,
293,52.8833333333333,129.033333333333,199.016666666667,264.083333333333,269.066666666667,339.083333333333,429.066666666667,579.066666666667,684.083333333333,1154.08333333333,,,,,,,,,,,,,,,,,
294,144,214.016666666667,309.05,389.066666666667,469.033333333333,494.016666666667,564.066666666667,629.083333333333,639.116666666667,709.083333333333,724.133333333333,949.133333333333,,,,,,,,,,,,,,,
295,2.91666666666667,84.0166666666667,158.983333333333,244.033333333333,324.066666666667,429.066666666667,554.083333333333,689.1,1289.01666666667,,,,,,,,,,,,,,,,,,
296,304.05,374.083333333333,439.1,504.033333333333,579.066666666667,649.1,739.116666666667,824.133333333333,969.15,1094.13333333333,,,,,,,,,,,,,,,,,
297,2.91666666666667,109.05,204.016666666667,209,314.05,369.066666666667,479.1,759.1,984.1,1034.15,1084.16666666667,1139.11666666667,1184.11666666667,,,,,,,,,,,,,,
298,23,124.016666666667,234.05,259.083333333333,369.066666666667,409.066666666667,474.066666666667,579.066666666667,594.083333333333,684.083333333333,764.15,879.15,,,,,,,,,,,,,,,
299,7.93333333333333,94.0333333333333,158.983333333333,194.016666666667,254.05,334.05,399.083333333333,469.033333333333,474.066666666667,554.083333333333,559.033333333333,644.083333333333,734.083333333333,764.15,789.116666666667,864.15,,,,,,,,,,,
300,47.9,63.5166666666667,119.016666666667,244.033333333333,249.066666666667,319.083333333333,399.083333333333,454.066666666667,549.05,619.083333333333,709.083333333333,764.15,814.116666666667,,,,,,,,,,,,,,
301,37.9333333333333,104.016666666667,144,234.05,334.05,429.066666666667,554.083333333333,569.066666666667,744.05,824.133333333333,1029.15,,,,,,,,,,,,,,,,
302,183.983333333333,299.116666666667,319.083333333333,394.066666666667,499.066666666667,604.083333333333,684.083333333333,749.116666666667,829.1,1184.11666666667,1349.06666666667,,,,,,,,,,,,,,,,
303,12.9333333333333,89.05,174,249.066666666667,329.116666666667,424.066666666667,524.1,679.1,764.15,859.05,,,,,,,,,,,,,,,,,
304,74.0166666666667,154.016666666667,234.05,314.05,394.066666666667,414.033333333333,474.066666666667,674.1,,,,,,,,,,,,,,,,,,,
305,32.9166666666667,114.083333333333,204.016666666667,304.05,309.05,379.05,384.05,404.083333333333,439.1,469.033333333333,524.1,594.083333333333,609.15,649.1,734.083333333333,754.15,809.15,814.116666666667,829.1,904.1,,,,,,,
306,124.166666666667,219.133333333333,314.2,384.2,459.25,474.216666666667,604.25,724.283333333333,764.316666666667,844.25,,,,,,,,,,,,,,,,,
307,169.133333333333,184.133333333333,204.183333333333,254.2,324.216666666667,349.2,389.216666666667,459.25,499.216666666667,504.183333333333,564.233333333333,634.216666666667,749.266666666667,779.283333333333,,,,,,,,,,,,,
308,239.216666666667,269.233333333333,354.216666666667,459.25,549.2,574.25,584.216666666667,604.25,644.233333333333,689.266666666667,764.316666666667,909.266666666667,989.3,1089.33333333333,1139.26666666667,,,,,,,,,,,,
309,84.1666666666667,154.166666666667,414.183333333333,534.266666666667,824.283333333333,869.283333333333,964.283333333333,1114.23333333333,1179.3,,,,,,,,,,,,,,,,,,
310,68.9166666666667,149.183333333333,214.166666666667,239.216666666667,299.266666666667,459.25,524.25,694.266666666667,859.216666666667,,,,,,,,,,,,,,,,,,
311,3.06666666666667,43.0333333333333,129.183333333333,204.183333333333,279.25,359.216666666667,434.216666666667,514.233333333333,604.25,689.266666666667,774.25,894.3,,,,,,,,,,,,,,,
312,,,,,,,,,,,,,,,,,,,,,,,,,,,
313,154.166666666667,229.216666666667,249.233333333333,254.2,434.216666666667,529.216666666667,619.233333333333,704.283333333333,724.283333333333,794.283333333333,834.233333333333,894.3,899.266666666667,,,,,,,,,,,,,,
314,129.183333333333,264.233333333333,279.25,379.2,429.216666666667,449.233333333333,499.216666666667,609.3,649.25,859.216666666667,,,,,,,,,,,,,,,,,
315,3.06666666666667,254.2,289.2,314.2,399.233333333333,494.166666666667,619.233333333333,654.216666666667,714.283333333333,754.3,854.216666666667,,,,,,,,,,,,,,,,
316,8.08333333333333,99.15,194.166666666667,304.2,364.183333333333,454.216666666667,469.183333333333,529.216666666667,629.233333333333,644.233333333333,709.233333333333,729.233333333333,819.2,,,,,,,,,,,,,,
317,3.06666666666667,63.6666666666667,84.1666666666667,149.183333333333,239.216666666667,299.266666666667,379.2,454.216666666667,529.216666666667,604.25,694.266666666667,774.25,1059.3,1139.26666666667,1229.23333333333,1289.16666666667,1349.21666666667,,,,,,,,,,
318,79.1833333333333,129.183333333333,214.166666666667,294.283333333333,389.216666666667,419.183333333333,469.183333333333,494.166666666667,519.25,564.233333333333,579.216666666667,619.233333333333,709.233333333333,729.233333333333,,,,,,,,,,,,,
319,79.1833333333333,164.15,224.183333333333,259.25,344.216666666667,454.216666666667,459.25,524.25,609.3,669.216666666667,694.266666666667,764.316666666667,,,,,,,,,,,,,,,
320,154.166666666667,244.183333333333,324.216666666667,394.216666666667,514.233333333333,579.216666666667,594.233333333333,679.25,749.266666666667,824.283333333333,899.266666666667,,,,,,,,,,,,,,,,
321,84.1666666666667,179.15,259.25,329.266666666667,404.233333333333,409.216666666667,424.216666666667,469.183333333333,519.25,549.2,614.216666666667,629.233333333333,644.233333333333,699.266666666667,704.283333333333,894.3,1339.15,,,,,,,,,,
322,68.9166666666667,159.116666666667,239.216666666667,324.216666666667,329.266666666667,409.216666666667,489.2,574.25,659.283333333333,809.3,824.283333333333,899.266666666667,964.283333333333,1109.25,1269.26666666667,,,,,,,,,,,,
323,109.2,189.15,214.166666666667,384.2,464.233333333333,564.233333333333,574.25,649.25,674.25,729.233333333333,744.216666666667,869.283333333333,874.3,1234.26666666667,1334.16666666667,,,,,,,,,,,,
324,33.0666666666667,119.166666666667,194.166666666667,269.233333333333,304.2,424.216666666667,494.166666666667,579.216666666667,664.216666666667,764.316666666667,874.3,904.25,,,,,,,,,,,,,,,
325,48.0333333333333,154.166666666667,224.183333333333,259.25,489.2,559.183333333333,644.233333333333,,,,,,,,,,,,,,,,,,,,
326,269.233333333333,379.2,459.25,544.216666666667,564.233333333333,634.216666666667,689.266666666667,714.283333333333,879.3,1009.28333333333,,,,,,,,,,,,,,,,,
327,38.0833333333333,124.166666666667,204.183333333333,289.2,364.183333333333,449.233333333333,489.2,514.233333333333,599.25,664.216666666667,744.216666666667,829.25,1244.3,,,,,,,,,,,,,,
328,,,,,,,,,,,,,,,,,,,,,,,,,,,
329,104.166666666667,229.216666666667,274.25,349.2,429.216666666667,509.183333333333,589.216666666667,679.25,699.266666666667,764.316666666667,849.3,1019.3,,,,,,,,,,,,,,,
330,249.233333333333,,,,,,,,,,,,,,,,,,,,,,,,,,
331,63.6666666666667,149.183333333333,239.216666666667,354.216666666667,374.233333333333,424.216666666667,514.233333333333,584.216666666667,589.216666666667,604.25,669.216666666667,724.283333333333,754.3,824.283333333333,879.3,899.266666666667,1259.26666666667,1359.21666666667,,,,,,,,,
332,74.15,94.1833333333333,154.166666666667,244.183333333333,259.25,284.2,329.266666666667,364.183333333333,409.216666666667,484.2,519.25,649.25,664.216666666667,739.266666666667,839.233333333333,1129.23333333333,,,,,,,,,,,
333,3.06666666666667,63.6666666666667,119.166666666667,154.166666666667,229.216666666667,244.183333333333,259.25,334.2,379.2,409.216666666667,474.216666666667,489.2,514.233333333333,579.216666666667,694.266666666667,844.25,904.25,1224.28333333333,1234.26666666667,,,,,,,,
334,3.06666666666667,23.15,204.183333333333,219.133333333333,309.2,404.233333333333,479.25,579.216666666667,679.25,744.216666666667,824.283333333333,864.3,944.266666666667,,,,,,,,,,,,,,
335,48.0333333333333,68.9166666666667,129.183333333333,204.183333333333,229.216666666667,374.233333333333,454.216666666667,474.216666666667,534.266666666667,634.216666666667,714.283333333333,784.3,869.283333333333,,,,,,,,,,,,,,
336,3.06666666666667,169.133333333333,259.25,329.266666666667,419.183333333333,469.183333333333,494.166666666667,549.2,624.233333333333,699.266666666667,784.3,,,,,,,,,,,,,,,,
337,28.05,109.2,184.133333333333,249.233333333333,284.2,354.216666666667,439.25,534.266666666667,544.216666666667,624.233333333333,664.216666666667,689.266666666667,789.266666666667,794.283333333333,,,,,,,,,,,,,
338,28.05,94.1833333333333,164.15,224.183333333333,299.266666666667,384.2,459.25,494.166666666667,529.216666666667,789.266666666667,984.25,1139.26666666667,,,,,,,,,,,,,,,
339,3.06666666666667,18.0666666666667,139.2,154.166666666667,234.2,249.233333333333,284.2,329.266666666667,409.216666666667,424.216666666667,454.216666666667,504.183333333333,534.266666666667,604.25,614.216666666667,644.233333333333,674.25,679.25,749.266666666667,784.3,794.283333333333,834.233333333333,859.216666666667,884.283333333333,909.266666666667,984.25,1139.26666666667
340,254.2,534.266666666667,1259.26666666667,,,,,,,,,,,,,,,,,,,,,,,,
341,48.0333333333333,129.183333333333,214.166666666667,289.2,369.233333333333,389.216666666667,454.216666666667,529.216666666667,619.233333333333,714.283333333333,814.266666666667,844.25,,,,,,,,,,,,,,,
342,3.06666666666667,209.15,274.25,394.216666666667,404.233333333333,509.183333333333,689.266666666667,1199.28333333333,,,,,,,,,,,,,,,,,,,
343,239.216666666667,314.2,399.233333333333,459.25,469.183333333333,554.216666666667,584.216666666667,634.216666666667,719.233333333333,804.25,834.233333333333,869.283333333333,874.3,1054.3,,,,,,,,,,,,,
344,8.08333333333333,23.15,129.183333333333,144.15,214.166666666667,319.233333333333,389.216666666667,409.216666666667,469.183333333333,489.2,584.216666666667,589.216666666667,674.25,749.266666666667,834.233333333333,939.3,1029.3,,,,,,,,,,
345,189.15,314.2,409.216666666667,444.216666666667,519.25,574.25,629.233333333333,814.266666666667,,,,,,,,,,,,,,,,,,,
346,299.4,329.416666666667,379.333333333333,464.366666666667,569.383333333333,759.383333333333,859.35,,,,,,,,,,,,,,,,,,,,
347,69.0666666666667,104.3,149.316666666667,214.3,294.433333333333,374.366666666667,419.35,464.366666666667,529.366666666667,544.366666666667,654.35,659.433333333333,734.383333333333,829.4,,,,,,,,,,,,,
348,38.2166666666667,43.1666666666667,179.283333333333,239.366666666667,329.416666666667,394.35,494.316666666667,564.366666666667,599.4,724.416666666667,,,,,,,,,,,,,,,,,
349,194.3,299.4,379.333333333333,409.366666666667,464.366666666667,509.333333333333,544.366666666667,584.366666666667,594.366666666667,639.4,644.383333333333,724.416666666667,764.466666666667,809.45,829.4,964.483333333333,,,,,,,,,,,
350,63.8166666666667,159.266666666667,249.366666666667,259.383333333333,329.416666666667,374.366666666667,459.4,559.333333333333,619.383333333333,699.4,774.383333333333,874.433333333333,884.416666666667,,,,,,,,,,,,,,
351,89.3333333333333,169.283333333333,244.333333333333,299.4,354.35,689.4,709.366666666667,729.383333333333,789.416666666667,,,,,,,,,,,,,,,,,,
352,28.2,43.1666666666667,69.0666666666667,134.3,229.35,329.416666666667,374.366666666667,404.383333333333,419.35,509.333333333333,589.366666666667,634.366666666667,689.4,694.416666666667,769.45,869.433333333333,,,,,,,,,,,
353,63.8166666666667,164.3,184.266666666667,254.35,279.4,414.333333333333,514.383333333333,614.366666666667,669.366666666667,864.45,,,,,,,,,,,,,,,,,
354,3.21666666666667,69.0666666666667,94.3333333333333,154.3,234.35,254.35,319.383333333333,389.366666666667,469.333333333333,549.35,624.383333333333,714.433333333333,804.383333333333,1214.46666666667,,,,,,,,,,,,,
355,18.2166666666667,89.3333333333333,109.333333333333,194.3,299.4,419.35,859.35,,,,,,,,,,,,,,,,,,,,
356,38.2166666666667,109.333333333333,199.3,274.4,279.4,364.333333333333,379.333333333333,449.383333333333,459.4,614.366666666667,699.4,744.35,1079.38333333333,1314.28333333333,1359.36666666667,,,,,,,,,,,,
357,53.1666666666667,84.3,134.3,169.283333333333,214.3,294.433333333333,299.4,369.383333333333,449.383333333333,544.366666666667,674.4,704.433333333333,,,,,,,,,,,,,,,
358,149.316666666667,259.383333333333,269.383333333333,339.366666666667,434.366666666667,544.366666666667,624.383333333333,714.433333333333,784.45,,,,,,,,,,,,,,,,,,
359,99.3,204.316666666667,304.333333333333,394.35,479.383333333333,494.316666666667,569.383333333333,599.4,649.4,744.35,844.4,,,,,,,,,,,,,,,,
360,58.2,134.3,204.316666666667,294.433333333333,309.35,384.333333333333,464.366666666667,569.383333333333,654.35,689.4,759.383333333333,894.45,,,,,,,,,,,,,,,
361,129.333333333333,499.366666666667,539.4,594.366666666667,604.383333333333,659.433333333333,,,,,,,,,,,,,,,,,,,,,
362,28.2,134.3,204.316666666667,219.266666666667,279.4,324.366666666667,349.35,414.333333333333,509.333333333333,579.35,754.433333333333,834.366666666667,879.433333333333,904.383333333333,,,,,,,,,,,,,
363,3.21666666666667,94.3333333333333,269.383333333333,344.366666666667,459.4,619.383333333333,749.4,834.366666666667,914.433333333333,1019.45,,,,,,,,,,,,,,,,,
364,53.1666666666667,139.333333333333,224.333333333333,319.383333333333,404.383333333333,409.366666666667,509.333333333333,579.35,594.366666666667,599.4,659.433333333333,684.366666666667,694.416666666667,754.433333333333,804.383333333333,814.416666666667,829.4,904.383333333333,984.4,,,,,,,,
365,8.21666666666667,99.3,179.283333333333,259.383333333333,274.4,424.35,464.366666666667,519.4,604.383333333333,724.416666666667,764.466666666667,829.4,849.45,879.433333333333,1039.46666666667,,,,,,,,,,,,
366,43.1666666666667,159.266666666667,244.333333333333,314.35,484.333333333333,564.366666666667,639.4,719.383333333333,799.416666666667,874.433333333333,,,,,,,,,,,,,,,,,
367,38.2166666666667,114.383333333333,184.266666666667,199.3,254.35,319.383333333333,754.433333333333,844.4,884.416666666667,914.433333333333,,,,,,,,,,,,,,,,,
368,74.3,154.3,164.3,244.333333333333,269.383333333333,359.35,449.383333333333,544.366666666667,629.383333333333,654.35,719.383333333333,814.416666666667,899.416666666667,,,,,,,,,,,,,,
369,38.2166666666667,69.0666666666667,84.3,89.3333333333333,274.4,334.35,359.35,444.366666666667,479.383333333333,519.4,604.383333333333,659.433333333333,709.366666666667,1244.43333333333,,,,,,,,,,,,,
370,229.35,344.366666666667,434.366666666667,514.383333333333,594.366666666667,689.4,774.383333333333,,,,,,,,,,,,,,,,,,,,
371,3.21666666666667,58.2,169.283333333333,189.283333333333,259.383333333333,334.35,364.333333333333,454.35,529.366666666667,549.35,654.35,674.4,,,,,,,,,,,,,,,
372,214.3,319.383333333333,334.35,414.333333333333,459.4,509.333333333333,514.383333333333,524.4,854.35,1299.3,,,,,,,,,,,,,,,,,
373,18.2166666666667,169.283333333333,229.35,319.383333333333,484.333333333333,559.333333333333,604.383333333333,724.416666666667,849.45,864.45,,,,,,,,,,,,,,,,,
374,,,,,,,,,,,,,,,,,,,,,,,,,,,
375,229.35,289.333333333333,404.383333333333,529.366666666667,604.383333333333,624.383333333333,694.416666666667,739.4,1139.41666666667,1324.31666666667,,,,,,,,,,,,,,,,,
376,,,,,,,,,,,,,,,,,,,,,,,,,,,
377,69.0666666666667,74.3,189.283333333333,289.333333333333,804.383333333333,,,,,,,,,,,,,,,,,,,,,,
378,38.6833333333333,114.85,164.75,209.75,239.833333333333,289.85,329.9,369.866666666667,374.85,429.866666666667,484.816666666667,569.85,584.833333333333,589.85,689.916666666667,694.883333333333,799.933333333333,,,,,,,,,,
379,179.766666666667,854.816666666667,1139.93333333333,1269.9,,,,,,,,,,,,,,,,,,,,,,,
380,189.75,259.883333333333,269.866666666667,364.8,414.816666666667,534.916666666667,624.866666666667,629.85,714.916666666667,,,,,,,,,,,,,,,,,,
381,,,,,,,,,,,,,,,,,,,,,,,,,,,
382,23.7666666666667,109.8,194.75,269.866666666667,344.866666666667,379.816666666667,384.816666666667,419.833333333333,449.85,509.833333333333,524.866666666667,579.833333333333,584.833333333333,594.85,659.933333333333,744.816666666667,759.85,834.833333333333,839.866666666667,,,,,,,,
383,189.75,204.766666666667,334.833333333333,414.816666666667,464.85,564.85,679.883333333333,774.866666666667,894.933333333333,1144.9,1244.93333333333,1304.8,,,,,,,,,,,,,,,
384,53.6333333333333,129.816666666667,189.75,234.816666666667,274.9,324.833333333333,334.833333333333,409.866666666667,489.833333333333,594.85,669.85,,,,,,,,,,,,,,,,
385,79.8333333333333,164.75,189.75,214.766666666667,244.8,254.816666666667,329.9,414.816666666667,484.816666666667,514.866666666667,569.85,619.85,649.85,739.866666666667,854.816666666667,894.933333333333,989.95,,,,,,,,,,
386,,,,,,,,,,,,,,,,,,,,,,,,,,,
387,38.6833333333333,114.85,184.75,254.816666666667,324.833333333333,399.85,514.866666666667,584.833333333333,604.866666666667,669.85,684.866666666667,809.933333333333,814.883333333333,1334.81666666667,,,,,,,,,,,,,
388,53.6333333333333,129.816666666667,209.75,229.816666666667,299.866666666667,364.8,419.833333333333,454.816666666667,494.8,529.85,544.85,609.916666666667,644.85,704.9,794.916666666667,829.866666666667,889.933333333333,,,,,,,,,,
389,299.866666666667,319.85,349.833333333333,439.85,529.85,599.866666666667,689.916666666667,764.933333333333,844.866666666667,899.933333333333,,,,,,,,,,,,,,,,,
390,234.816666666667,249.85,334.833333333333,429.866666666667,529.85,539.883333333333,,,,,,,,,,,,,,,,,,,,,
391,70.35,94.8166666666667,139.816666666667,184.75,189.75,224.8,309.816666666667,389.85,479.866666666667,494.8,589.85,664.833333333333,754.9,849.916666666667,,,,,,,,,,,,,
392,,,,,,,,,,,,,,,,,,,,,,,,,,,
393,399.85,459.883333333333,504.833333333333,549.816666666667,644.85,,,,,,,,,,,,,,,,,,,,,,
394,64.3333333333333,144.783333333333,239.833333333333,269.866666666667,329.9,374.85,434.833333333333,449.85,559.8,594.85,709.85,,,,,,,,,,,,,,,,
395,48.65,58.6666666666667,134.783333333333,189.75,299.866666666667,374.85,464.85,534.916666666667,609.916666666667,699.883333333333,719.866666666667,794.916666666667,799.933333333333,879.916666666667,899.933333333333,1204.93333333333,1239.88333333333,,,,,,,,,,
396,58.6666666666667,134.783333333333,244.8,329.9,334.833333333333,459.883333333333,499.85,584.833333333333,674.883333333333,689.916666666667,,,,,,,,,,,,,,,,,
397,,,,,,,,,,,,,,,,,,,,,,,,,,,
398,13.6666666666667,109.8,169.75,229.816666666667,274.9,279.883333333333,354.833333333333,359.833333333333,439.85,539.883333333333,589.85,699.883333333333,779.9,909.916666666667,,,,,,,,,,,,,
399,84.7833333333333,109.8,169.75,249.85,259.883333333333,274.9,344.866666666667,364.8,404.866666666667,484.816666666667,,,,,,,,,,,,,,,,,
400,114.85,229.816666666667,234.816666666667,324.833333333333,394.833333333333,474.85,559.8,664.833333333333,824.866666666667,,,,,,,,,,,,,,,,,,
401,58.6666666666667,144.783333333333,229.816666666667,294.883333333333,319.85,379.816666666667,469.8,544.85,549.816666666667,644.85,664.833333333333,749.866666666667,849.916666666667,854.816666666667,,,,,,,,,,,,,
402,94.8166666666667,164.75,184.75,254.816666666667,344.866666666667,439.85,554.833333333333,639.883333333333,644.85,669.85,729.85,814.883333333333,1014.95,1029.96666666667,,,,,,,,,,,,,
403,,,,,,,,,,,,,,,,,,,,,,,,,,,
404,84.7833333333333,199.766666666667,309.816666666667,319.85,409.866666666667,484.816666666667,614.85,764.933333333333,919.933333333333,980.033333333333,,,,,,,,,,,,,,,,,
405,114.85,184.75,264.866666666667,354.833333333333,439.85,534.916666666667,634.833333333333,714.916666666667,829.866666666667,,,,,,,,,,,,,,,,,,
406,18.6666666666667,74.7666666666667,139.816666666667,214.766666666667,299.866666666667,374.85,444.85,504.833333333333,524.866666666667,594.85,609.916666666667,674.883333333333,679.883333333333,764.933333333333,,,,,,,,,,,,,
407,144.783333333333,224.8,304.8,349.833333333333,374.85,464.85,479.866666666667,544.85,559.8,624.866666666667,689.916666666667,719.866666666667,779.9,,,,,,,,,,,,,,
408,23.7666666666667,154.766666666667,184.75,219.733333333333,244.8,299.866666666667,349.833333333333,389.85,459.883333333333,569.85,584.833333333333,689.916666666667,819.816666666667,844.866666666667,1329.76666666667,,,,,,,,,,,,
409,3.66666666666667,99.7666666666667,194.75,284.85,359.833333333333,439.85,444.85,514.866666666667,594.85,669.85,689.916666666667,759.85,839.866666666667,,,,,,,,,,,,,,
410,209.75,379.816666666667,494.8,589.85,674.883333333333,774.866666666667,1079.9,,,,,,,,,,,,,,,,,,,,
411,48.65,64.3333333333333,124.766666666667,154.766666666667,219.733333333333,244.8,379.816666666667,394.833333333333,539.883333333333,624.866666666667,754.9,,,,,,,,,,,,,,,,
412,18.6666666666667,23.7666666666667,84.7833333333333,144.783333333333,204.766666666667,274.9,424.866666666667,514.866666666667,769.916666666667,,,,,,,,,,,,,,,,,,
413,224.8,309.816666666667,329.9,414.816666666667,504.833333333333,594.85,679.883333333333,709.85,1119.93333333333,,,,,,,,,,,,,,,,,,
414,33.6666666666667,58.6666666666667,159.733333333333,194.75,264.866666666667,339.85,414.816666666667,419.833333333333,519.883333333333,554.833333333333,759.85,764.933333333333,894.933333333333,1244.93333333333,,,,,,,,,,,,,
415,119.783333333333,174.766666666667,184.75,254.816666666667,269.866666666667,319.85,404.866666666667,484.816666666667,604.866666666667,749.866666666667,1329.76666666667,1344.83333333333,,,,,,,,,,,,,,,
416,3.66666666666667,33.6666666666667,124.766666666667,249.85,319.85,434.833333333333,559.8,1039.98333333333,,,,,,,,,,,,,,,,,,,
417,89.9333333333333,154.916666666667,290,295.033333333333,370,454.966666666667,540.033333333333,650,654.966666666667,725.033333333333,740.016666666667,765.083333333333,895.083333333333,,,,,,,,,,,,,,
418,3.81666666666667,8.81666666666667,84.9333333333333,159.866666666667,204.916666666667,295.033333333333,400,405,480.016666666667,564.983333333333,640.033333333333,660.066666666667,730,1309.9,,,,,,,,,,,,,
419,,,,,,,,,,,,,,,,,,,,,,,,,,,
420,169.9,244.95,309.966666666667,340,349.983333333333,425.016666666667,504.983333333333,564.983333333333,570,630,675.033333333333,700.033333333333,819.95,1314.9,1360.01666666667,,,,,,,,,,,,
421,3.81666666666667,89.9333333333333,139.95,144.933333333333,159.866666666667,209.9,234.966666666667,275.033333333333,300.016666666667,384.966666666667,390,414.966666666667,469.95,504.983333333333,544.983333333333,650,675.033333333333,760,780.05,785.066666666667,995.066666666667,1080.06666666667,1120.08333333333,1160.08333333333,1324.95,,
422,38.8166666666667,109.95,179.916666666667,250,260.016666666667,265,330.05,520.033333333333,640.033333333333,695.033333333333,850.066666666667,854.966666666667,,,,,,,,,,,,,,,
423,53.7833333333333,139.95,204.916666666667,290,354.966666666667,379.966666666667,440,509.983333333333,579.983333333333,595,690.066666666667,695.033333333333,930.033333333333,960.1,1025.1,,,,,,,,,,,,
424,64.4833333333333,174.9,254.966666666667,304.95,340,450,579.983333333333,,,,,,,,,,,,,,,,,,,,
425,3.81666666666667,58.8,159.866666666667,214.9,275.033333333333,295.033333333333,300.016666666667,379.966666666667,394.983333333333,469.95,554.983333333333,775.016666666667,,,,,,,,,,,,,,,
426,64.4833333333333,70.5,169.9,234.966666666667,239.983333333333,254.966666666667,375,440,515.016666666667,525,540.033333333333,579.983333333333,589.983333333333,685,845.016666666667,1010.08333333333,1284.91666666667,1350,,,,,,,,,
427,13.8166666666667,70.5,84.9333333333333,154.916666666667,229.966666666667,300.016666666667,334.983333333333,390,444.983333333333,454.966666666667,500,535.05,600.016666666667,625.016666666667,690.066666666667,770.066666666667,840,854.966666666667,1314.9,,,,,,,,
428,199.916666666667,295.033333333333,304.95,364.95,400,440,489.983333333333,559.95,570,645,650,664.983333333333,730,790.05,795.066666666667,890.083333333333,1230.05,1294.95,,,,,,,,,
429,84.9333333333333,139.95,149.966666666667,169.9,244.95,304.95,345.016666666667,379.966666666667,400,454.966666666667,489.983333333333,549.966666666667,645,1220.1,,,,,,,,,,,,,
430,,,,,,,,,,,,,,,,,,,,,,,,,,,
431,48.7833333333333,139.95,219.883333333333,300.016666666667,319.983333333333,370,454.966666666667,460.016666666667,520.033333333333,619.983333333333,634.983333333333,770.066666666667,859.966666666667,1319.9,,,,,,,,,,,,,
432,285,359.966666666667,450,559.95,579.983333333333,630,695.033333333333,750.016666666667,760,790.05,875.066666666667,900.083333333333,,,,,,,,,,,,,,,
433,159.866666666667,250,265,340,419.966666666667,500,654.966666666667,765.083333333333,895.083333333333,,,,,,,,,,,,,,,,,,
434,149.966666666667,244.95,250,324.983333333333,364.95,414.966666666667,450,465,584.983333333333,640.033333333333,670,675.033333333333,715.05,770.066666666667,850.066666666667,960.1,1025.1,1299.91666666667,,,,,,,,,
435,115,129.966666666667,149.966666666667,204.916666666667,319.983333333333,475,504.983333333333,544.983333333333,645,780.05,834.983333333333,1080.06666666667,1115.03333333333,,,,,,,,,,,,,,
436,440,450,544.983333333333,589.983333333333,630,715.05,1280.03333333333,,,,,,,,,,,,,,,,,,,,
437,28.8166666666667,64.4833333333333,115,174.9,250,270.016666666667,309.966666666667,375,,,,,,,,,,,,,,,,,,,
438,3.81666666666667,8.81666666666667,89.9333333333333,104.916666666667,109.95,154.916666666667,229.966666666667,304.95,384.966666666667,500,504.983333333333,559.95,925.1,,,,,,,,,,,,,,
439,3.81666666666667,89.9333333333333,169.9,174.9,330.05,419.966666666667,500,584.983333333333,660.066666666667,695.033333333333,755.05,880.066666666667,,,,,,,,,,,,,,,
440,38.8166666666667,104.916666666667,109.95,164.9,169.9,260.016666666667,345.016666666667,469.95,589.983333333333,,,,,,,,,,,,,,,,,,
441,,,,,,,,,,,,,,,,,,,,,,,,,,,
442,43.7666666666667,239.983333333333,314.966666666667,410.016666666667,414.966666666667,489.983333333333,559.95,575.033333333333,654.966666666667,670,740.016666666667,765.083333333333,955.066666666667,,,,,,,,,,,,,,
443,3.81666666666667,13.8166666666667,53.7833333333333,115,119.916666666667,670,825.016666666667,,,,,,,,,,,,,,,,,,,,
444,28.8166666666667,109.95,134.916666666667,184.9,275.033333333333,285,349.983333333333,354.966666666667,434.966666666667,525,610.05,615,955.066666666667,1020.11666666667,1280.03333333333,1350,,,,,,,,,,,
445,48.7833333333333,129.966666666667,194.883333333333,280.033333333333,349.983333333333,364.95,419.966666666667,504.983333333333,650,670,895.083333333333,,,,,,,,,,,,,,,,
446,460.016666666667,630,,,,,,,,,,,,,,,,,,,,,,,,,
447,33.8,,,,,,,,,,,,,,,,,,,,,,,,,,
448,159.866666666667,194.883333333333,260.016666666667,359.966666666667,450,540.033333333333,619.983333333333,725.033333333333,744.966666666667,850.066666666667,1090.13333333333,1135.1,1365.01666666667,,,,,,,,,,,,,,
449,74.9,159.866666666667,260.016666666667,334.983333333333,430.016666666667,520.033333333333,610.05,955.066666666667,1205.08333333333,,,,,,,,,,,,,,,,,,
450,48.7833333333333,53.7833333333333,134.916666666667,214.9,290,384.966666666667,475,595,845.016666666667,,,,,,,,,,,,,,,,,,
451,48.7833333333333,139.95,234.966666666667,314.966666666667,390,489.983333333333,579.983333333333,664.983333333333,750.016666666667,,,,,,,,,,,,,,,,,,
452,70.5,154.916666666667,244.95,330.05,405,520.033333333333,650,700.033333333333,705.05,,,,,,,,,,,,,,,,,,
453,48.7833333333333,154.916666666667,224.95,,,,,,,,,,,,,,,,,,,,,,,,
454,8.81666666666667,84.9333333333333,149.966666666667,219.883333333333,260.016666666667,290,304.95,314.966666666667,370,500,740.016666666667,1350,,,,,,,,,,,,,,,
455,304.95,334.983333333333,379.966666666667,400,410.016666666667,460.016666666667,535.05,640.033333333333,819.95,875.066666666667,1055.08333333333,1115.03333333333,1280.03333333333,,,,,,,,,,,,,,
456,99.9166666666667,149.966666666667,219.883333333333,295.033333333333,314.966666666667,375,444.983333333333,484.966666666667,525,610.05,685,725.033333333333,770.066666666667,790.05,805.033333333333,900.083333333333,1210.05,1275.06666666667,1329.91666666667,,,,,,,,
457,70.65,80.1166666666667,85.0833333333333,135.066666666667,160.016666666667,165.05,260.166666666667,265.15,330.2,360.133333333333,385.1,445.15,485.1,520.183333333333,565.133333333333,600.166666666667,695.166666666667,810.233333333333,1045.25,,,,,,,,
458,330.2,420.116666666667,470.1,495.1,575.183333333333,640.183333333333,660.233333333333,750.166666666667,915.233333333333,,,,,,,,,,,,,,,,,,
459,48.9333333333333,150.116666666667,215.05,310.116666666667,350.116666666667,385.1,455.116666666667,525.15,545.133333333333,615.15,645.15,660.233333333333,710.15,755.2,870.216666666667,,,,,,,,,,,,
460,80.1166666666667,155.066666666667,230.116666666667,295.183333333333,360.133333333333,425.166666666667,435.133333333333,505.133333333333,510.116666666667,590.133333333333,665.133333333333,825.166666666667,,,,,,,,,,,,,,,
461,315.116666666667,370.15,460.166666666667,520.183333333333,580.133333333333,640.183333333333,660.233333333333,715.2,795.216666666667,845.166666666667,,,,,,,,,,,,,,,,,
462,43.9166666666667,115.15,135.066666666667,145.083333333333,210.033333333333,220.033333333333,380.116666666667,475.15,495.1,570.15,625.166666666667,645.15,715.2,795.216666666667,915.233333333333,,,,,,,,,,,,
463,,,,,,,,,,,,,,,,,,,,,,,,,,,
464,100.066666666667,180.066666666667,255.116666666667,340.15,470.1,515.166666666667,545.133333333333,555.133333333333,615.15,685.166666666667,740.166666666667,820.1,830.15,865.233333333333,1360.16666666667,,,,,,,,,,,,
465,165.05,270.183333333333,310.116666666667,365.1,475.15,490.133333333333,720.166666666667,815.183333333333,,,,,,,,,,,,,,,,,,,
466,195.033333333333,200.05,465.15,690.216666666667,815.183333333333,935.266666666667,1100.25,1270.21666666667,,,,,,,,,,,,,,,,,,,
467,38.9666666666667,145.083333333333,200.05,265.15,330.2,345.166666666667,485.1,570.15,595.15,620.133333333333,635.133333333333,645.15,725.183333333333,740.166666666667,820.1,835.133333333333,840.166666666667,,,,,,,,,,
468,18.9666666666667,115.15,200.05,290.15,440.15,525.15,550.116666666667,605.166666666667,625.166666666667,,,,,,,,,,,,,,,,,,
469,48.9333333333333,75.05,130.116666666667,200.05,225.1,340.15,400.15,415.116666666667,420.116666666667,475.15,490.133333333333,555.133333333333,635.133333333333,660.233333333333,815.183333333333,1275.21666666667,,,,,,,,,,,
470,265.15,325.133333333333,345.166666666667,425.166666666667,510.116666666667,545.133333333333,600.166666666667,700.183333333333,790.2,1095.25,,,,,,,,,,,,,,,,,
471,3.96666666666667,13.95,90.0833333333333,185.05,255.116666666667,435.133333333333,525.15,540.183333333333,785.216666666667,870.216666666667,1045.25,1120.23333333333,1140.23333333333,1205.23333333333,,,,,,,,,,,,,
472,3.96666666666667,38.9666666666667,70.65,145.083333333333,165.05,215.05,345.166666666667,435.133333333333,540.183333333333,560.1,570.15,655.116666666667,,,,,,,,,,,,,,,
473,33.95,90.0833333333333,170.05,235.116666666667,255.116666666667,310.116666666667,380.116666666667,460.166666666667,555.133333333333,600.166666666667,675.183333333333,760.15,785.216666666667,850.216666666667,1055.25,1220.26666666667,1275.21666666667,,,,,,,,,,
474,58.95,145.083333333333,240.133333333333,425.166666666667,480.166666666667,495.1,570.15,665.133333333333,855.116666666667,860.133333333333,1295.08333333333,,,,,,,,,,,,,,,,
475,70.65,155.066666666667,240.133333333333,330.2,360.133333333333,415.116666666667,485.1,570.15,665.133333333333,765.233333333333,,,,,,,,,,,,,,,,,
476,80.1166666666667,165.05,170.05,280.183333333333,285.15,355.116666666667,445.15,510.116666666667,525.15,570.15,815.183333333333,1045.25,1220.26666666667,1310.05,1350.15,1365.16666666667,1375.13333333333,,,,,,,,,,
477,170.05,335.133333333333,340.15,420.116666666667,490.133333333333,560.1,595.15,675.183333333333,700.183333333333,795.216666666667,815.183333333333,1185.21666666667,,,,,,,,,,,,,,,
478,,,,,,,,,,,,,,,,,,,,,,,,,,,
479,3.96666666666667,58.95,145.083333333333,160.016666666667,220.033333333333,245.116666666667,290.15,375.15,460.166666666667,545.133333333333,700.183333333333,840.166666666667,,,,,,,,,,,,,,,
480,165.05,215.05,225.1,325.133333333333,425.166666666667,430.166666666667,475.15,550.116666666667,555.133333333333,640.183333333333,650.283333333333,745.116666666667,840.166666666667,1000.25,1340.06666666667,,,,,,,,,,,,
481,43.9166666666667,125.066666666667,205.066666666667,250.15,290.15,360.133333333333,580.133333333333,815.183333333333,850.216666666667,970.266666666667,1045.25,1155.2,1205.23333333333,1250.26666666667,1295.08333333333,1340.06666666667,,,,,,,,,,,
482,205.066666666667,295.183333333333,320.133333333333,425.166666666667,530.15,675.183333333333,790.2,915.233333333333,,,,,,,,,,,,,,,,,,,
483,105.066666666667,235.116666666667,530.15,590.133333333333,740.166666666667,755.2,855.116666666667,1300.06666666667,1355.2,,,,,,,,,,,,,,,,,,
484,8.98333333333333,135.066666666667,260.166666666667,340.15,425.166666666667,445.15,485.1,500.15,645.15,,,,,,,,,,,,,,,,,,
485,24.05,90.0833333333333,160.016666666667,300.166666666667,325.133333333333,360.133333333333,425.166666666667,435.133333333333,450.15,515.166666666667,620.133333333333,780.2,795.216666666667,,,,,,,,,,,,,,
486,43.9166666666667,170.05,250.15,315.116666666667,380.116666666667,455.116666666667,535.2,695.166666666667,785.216666666667,895.233333333333,,,,,,,,,,,,,,,,,
487,85.2166666666667,140.25,240.283333333333,315.25,405.3,485.25,590.283333333333,655.266666666667,700.333333333333,715.35,740.316666666667,845.316666666667,880.35,885.35,1190.38333333333,,,,,,,,,,,,
488,295.333333333333,365.25,450.283333333333,525.3,605.3,665.283333333333,780.35,870.366666666667,1305.23333333333,1315.2,,,,,,,,,,,,,,,,,
489,4.11666666666667,34.0833333333333,75.2,105.2,145.216666666667,170.183333333333,210.183333333333,285.283333333333,290.3,315.25,355.266666666667,360.266666666667,400.3,440.283333333333,465.283333333333,490.283333333333,585.283333333333,615.283333333333,665.283333333333,700.333333333333,720.3,775.3,,,,,
490,260.316666666667,290.3,355.266666666667,435.266666666667,450.283333333333,510.266666666667,585.283333333333,660.366666666667,815.333333333333,835.283333333333,910.35,,,,,,,,,,,,,,,,
491,100.216666666667,185.183333333333,215.2,290.3,300.3,455.266666666667,530.3,605.3,775.3,795.366666666667,,,,,,,,,,,,,,,,,
492,54.0666666666667,120.216666666667,140.25,195.183333333333,215.2,275.333333333333,350.266666666667,455.266666666667,600.316666666667,750.316666666667,830.3,,,,,,,,,,,,,,,,
493,,,,,,,,,,,,,,,,,,,,,,,,,,,
494,14.1166666666667,29.1,125.216666666667,225.25,240.283333333333,330.333333333333,430.316666666667,485.25,660.366666666667,820.25,,,,,,,,,,,,,,,,,
495,24.2,115.283333333333,130.25,200.2,295.333333333333,365.25,465.283333333333,525.3,610.35,620.283333333333,650.416666666667,710.283333333333,720.3,1025.4,,,,,,,,,,,,,
496,4.11666666666667,49.0666666666667,64.8333333333333,525.3,595.3,600.316666666667,655.266666666667,680.316666666667,725.333333333333,765.366666666667,810.366666666667,845.316666666667,890.383333333333,1055.38333333333,1105.41666666667,1155.35,1170.35,1255.31666666667,1265.35,,,,,,,,
497,,,,,,,,,,,,,,,,,,,,,,,,,,,
498,105.2,185.183333333333,270.333333333333,350.266666666667,375.3,465.283333333333,545.283333333333,615.283333333333,665.283333333333,725.333333333333,745.266666666667,755.35,770.366666666667,1020.4,1025.4,,,,,,,,,,,,
499,39.1166666666667,110.233333333333,190.166666666667,260.316666666667,330.333333333333,400.3,450.283333333333,475.3,550.266666666667,645.283333333333,750.316666666667,1060.38333333333,1105.41666666667,,,,,,,,,,,,,,
500,54.0666666666667,130.25,210.183333333333,285.283333333333,350.266666666667,425.316666666667,460.316666666667,505.283333333333,585.283333333333,595.3,670.3,740.316666666667,780.35,880.35,,,,,,,,,,,,,
501,125.216666666667,215.2,300.3,385.25,460.316666666667,555.283333333333,570.3,665.283333333333,690.35,790.35,875.366666666667,,,,,,,,,,,,,,,,
502,70.7833333333333,80.2666666666667,85.2166666666667,195.183333333333,285.283333333333,390.3,460.316666666667,540.333333333333,595.3,625.316666666667,635.266666666667,680.316666666667,755.35,820.25,980.483333333333,,,,,,,,,,,,
503,70.7833333333333,170.183333333333,290.3,395.283333333333,485.25,580.283333333333,755.35,810.366666666667,905.333333333333,965.45,,,,,,,,,,,,,,,,,
504,64.8333333333333,160.166666666667,230.266666666667,305.25,370.3,375.3,455.266666666667,480.3,555.283333333333,655.266666666667,760.3,1065.45,,,,,,,,,,,,,,,
505,44.0666666666667,145.216666666667,225.25,275.333333333333,315.25,365.25,400.3,455.266666666667,515.3,555.283333333333,610.35,710.283333333333,715.35,800.383333333333,,,,,,,,,,,,,
506,70.7833333333333,160.166666666667,345.316666666667,,,,,,,,,,,,,,,,,,,,,,,,
507,270.333333333333,275.333333333333,305.25,390.3,465.283333333333,540.333333333333,610.35,715.35,785.366666666667,810.366666666667,950.4,1025.4,1290.21666666667,1370.26666666667,,,,,,,,,,,,,
508,4.11666666666667,95.25,165.183333333333,255.266666666667,260.316666666667,265.3,340.3,410.3,495.233333333333,595.3,660.366666666667,700.333333333333,,,,,,,,,,,,,,,
509,64.8333333333333,125.216666666667,235.266666666667,320.283333333333,405.3,510.266666666667,725.333333333333,,,,,,,,,,,,,,,,,,,,
510,90.2333333333333,155.2,240.283333333333,255.266666666667,365.25,425.316666666667,440.283333333333,495.233333333333,535.35,620.283333333333,625.316666666667,630.3,715.35,730.283333333333,740.316666666667,880.35,935.416666666667,1035.4,1115.31666666667,1175.31666666667,,,,,,,
511,,,,,,,,,,,,,,,,,,,,,,,,,,,
512,56.7666666666667,122.85,152.833333333333,237.883333333333,322.866666666667,412.85,477.9,517.916666666667,562.883333333333,622.883333333333,827.916666666667,857.883333333333,882.916666666667,907.916666666667,1002.96666666667,1267.93333333333,,,,,,,,,,,
513,72.8333333333333,177.85,192.866666666667,257.9,302.866666666667,327.9,367.866666666667,412.85,452.883333333333,492.866666666667,537.916666666667,542.866666666667,682.883333333333,727.916666666667,847.916666666667,1137.91666666667,,,,,,,,,,,
514,46.7333333333333,157.816666666667,287.866666666667,377.85,472.883333333333,577.883333333333,682.883333333333,712.933333333333,802.9,897.916666666667,957.95,1217.95,1307.83333333333,1352.91666666667,,,,,,,,,,,,,
515,41.75,82.85,152.833333333333,202.85,247.883333333333,337.883333333333,347.866666666667,422.883333333333,492.866666666667,502.85,577.883333333333,592.9,652.883333333333,707.9,737.916666666667,812.933333333333,857.883333333333,892.933333333333,1017.93333333333,,,,,,,,
516,,,,,,,,,,,,,,,,,,,,,,,,,,,
517,26.75,107.883333333333,192.866666666667,292.933333333333,342.866666666667,362.85,387.883333333333,562.883333333333,592.9,772.916666666667,817.883333333333,937.95,,,,,,,,,,,,,,,
518,51.7333333333333,142.833333333333,227.883333333333,312.866666666667,407.883333333333,482.866666666667,507.866666666667,567.883333333333,662.883333333333,747.95,762.933333333333,797.916666666667,847.916666666667,942.916666666667,,,,,,,,,,,,,
519,26.75,112.9,192.866666666667,267.883333333333,342.866666666667,422.883333333333,502.85,512.9,582.883333333333,602.9,672.933333333333,762.933333333333,862.95,,,,,,,,,,,,,,
520,6.78333333333333,66.9666666666667,157.816666666667,237.883333333333,247.883333333333,327.9,412.85,502.85,512.9,582.883333333333,612.883333333333,682.883333333333,792.933333333333,,,,,,,,,,,,,,
521,56.7666666666667,72.8333333333333,127.866666666667,287.866666666667,317.883333333333,332.866666666667,487.866666666667,562.883333333333,662.883333333333,747.95,762.933333333333,792.933333333333,832.9,962.916666666667,,,,,,,,,,,,,
522,11.7833333333333,97.8333333333333,197.866666666667,232.85,237.883333333333,282.866666666667,297.933333333333,377.85,427.866666666667,452.883333333333,457.916666666667,542.866666666667,782.966666666667,792.933333333333,862.95,,,,,,,,,,,,
523,,,,,,,,,,,,,,,,,,,,,,,,,,,
524,1.75,87.8666666666667,187.833333333333,292.933333333333,392.866666666667,402.883333333333,502.85,627.916666666667,657.933333333333,792.933333333333,972.933333333333,1077.91666666667,1132.95,1182.91666666667,1262.9,1302.85,,,,,,,,,,,
525,97.8333333333333,257.9,327.9,462.883333333333,542.866666666667,627.916666666667,762.933333333333,1007.93333333333,,,,,,,,,,,,,,,,,,,
526,172.983333333333,263.033333333333,353.033333333333,358.016666666667,428.016666666667,1213.08333333333,,,,,,,,,,,,,,,,,,,,,
527,193.016666666667,203,313.016666666667,863.1,938.1,988.1,1243.08333333333,1288,,,,,,,,,,,,,,,,,,,
528,,,,,,,,,,,,,,,,,,,,,,,,,,,
529,46.8833333333333,56.9166666666667,78,203,283,383.016666666667,388.033333333333,553.05,648.05,768.116666666667,853.016666666667,888.116666666667,,,,,,,,,,,,,,,
530,41.8833333333333,118,217.966666666667,323.016666666667,403.033333333333,518.083333333333,533.05,593.05,693.083333333333,753.133333333333,858.033333333333,868.083333333333,,,,,,,,,,,,,,,
531,41.8833333333333,83,103,182.983333333333,253.016666666667,343.033333333333,353.033333333333,428.016666666667,538.066666666667,643.033333333333,673.083333333333,773.066666666667,793.083333333333,868.083333333333,,,,,,,,,,,,,
532,11.9333333333333,88.0166666666667,103,172.983333333333,178,243.016666666667,333.016666666667,428.016666666667,433.016666666667,528.016666666667,598.066666666667,683.033333333333,688.066666666667,778.083333333333,828.066666666667,863.1,988.1,1233.06666666667,,,,,,,,,
533,1.9,103,182.983333333333,268.033333333333,353.033333333333,433.016666666667,573.05,603.05,693.083333333333,703.116666666667,753.133333333333,788.083333333333,808.116666666667,888.116666666667,1288,1312.98333333333,,,,,,,,,,,
534,6.93333333333333,163,233,298.083333333333,318.033333333333,398.05,468,543.016666666667,633.05,713.1,803.066666666667,888.116666666667,,,,,,,,,,,,,,,
535,11.9333333333333,36.9166666666667,51.8666666666667,67.1166666666667,118,148.016666666667,187.983333333333,363,443.05,533.05,613.033333333333,618.05,783.116666666667,863.1,883.066666666667,1043.11666666667,,,,,,,,,,,
536,21.9833333333333,93.0166666666667,193.016666666667,278.05,368.033333333333,453.033333333333,568.033333333333,713.1,763.083333333333,1018.08333333333,,,,,,,,,,,,,,,,,
537,78,167.983333333333,238.033333333333,268.033333333333,343.033333333333,348.016666666667,413.016666666667,438.05,533.05,583.033333333333,613.033333333333,673.083333333333,873.1,1358.05,,,,,,,,,,,,,
538,6.93333333333333,133,233,358.016666666667,468,513.05,573.05,693.083333333333,888.116666666667,,,,,,,,,,,,,,,,,,
539,83,253.016666666667,358.016666666667,448.033333333333,543.016666666667,658.083333333333,673.083333333333,1363.01666666667,,,,,,,,,,,,,,,,,,,
540,333.15,353.166666666667,413.15,503.15,508.166666666667,543.166666666667,583.166666666667,608.233333333333,643.183333333333,693.233333333333,753.283333333333,803.2,848.216666666667,893.233333333333,908.216666666667,1168.2,1178.25,1248.25,1303.15,,,,,,,,
541,398.2,478.2,,,,,,,,,,,,,,,,,,,,,,,,,
542,2.03333333333333,103.133333333333,123.133333333333,238.183333333333,323.166666666667,443.2,468.15,558.166666666667,618.2,623.183333333333,753.283333333333,758.2,783.266666666667,803.2,823.216666666667,883.2,1123.2,1248.25,1308.11666666667,1328.13333333333,,,,,,,
543,2.03333333333333,88.15,203.15,473.166666666667,598.216666666667,668.183333333333,763.233333333333,873.25,,,,,,,,,,,,,,,,,,,
544,47.0166666666667,158.116666666667,238.183333333333,308.15,398.2,473.166666666667,528.166666666667,553.183333333333,628.2,723.2,738.216666666667,1058.23333333333,1358.18333333333,,,,,,,,,,,,,,
545,83.15,138.166666666667,153.133333333333,208.116666666667,223.166666666667,288.15,363.15,443.2,523.2,613.183333333333,703.25,793.216666666667,903.2,963.216666666667,,,,,,,,,,,,,
546,2.03333333333333,133.133333333333,173.116666666667,258.2,343.166666666667,423.183333333333,523.2,578.166666666667,658.233333333333,923.216666666667,1348.16666666667,,,,,,,,,,,,,,,,
547,,,,,,,,,,,,,,,,,,,,,,,,,,,
548,2.03333333333333,7.06666666666667,103.133333333333,188.133333333333,343.166666666667,353.166666666667,358.166666666667,448.183333333333,533.2,538.216666666667,618.2,738.216666666667,833.183333333333,1273.21666666667,1333.15,,,,,,,,,,,,
549,2.03333333333333,78.15,163.133333333333,253.15,373.183333333333,463.166666666667,468.15,513.2,528.166666666667,538.216666666667,563.183333333333,578.166666666667,598.216666666667,628.2,638.216666666667,718.183333333333,783.266666666667,833.183333333333,878.25,903.2,,,,,,,
550,7.06666666666667,98.1333333333333,103.133333333333,118.133333333333,198.166666666667,203.15,288.15,318.183333333333,373.183333333333,388.183333333333,448.183333333333,468.15,533.2,628.2,,,,,,,,,,,,,
551,148.15,173.116666666667,363.15,438.2,733.2,778.216666666667,828.2,923.216666666667,1018.23333333333,1028.23333333333,1083.25,1143.2,,,,,,,,,,,,,,,
552,,,,,,,,,,,,,,,,,,,,,,,,,,,
553,278.2,303.15,428.166666666667,458.216666666667,513.2,613.183333333333,718.183333333333,828.2,858.166666666667,873.25,1323.16666666667,,,,,,,,,,,,,,,,
554,303.15,388.183333333333,483.166666666667,523.2,558.166666666667,663.183333333333,743.183333333333,1283.13333333333,,,,,,,,,,,,,,,,,,,
555,2.03333333333333,78.15,173.116666666667,258.2,348.166666666667,433.166666666667,523.2,608.233333333333,683.183333333333,808.25,898.216666666667,,,,,,,,,,,,,,,,
556,12.0666666666667,93.1666666666667,243.166666666667,333.15,388.183333333333,503.15,593.183333333333,598.216666666667,683.183333333333,708.2,803.2,848.216666666667,1033.23333333333,,,,,,,,,,,,,,
557,338.166666666667,343.166666666667,413.15,458.216666666667,513.2,538.216666666667,558.166666666667,598.216666666667,898.216666666667,1063.26666666667,1073.21666666667,1103.21666666667,1148.21666666667,1183.2,1253.18333333333,1328.13333333333,,,,,,,,,,,
558,2.03333333333333,52.0166666666667,73.1333333333333,93.1666666666667,138.166666666667,213.133333333333,218.1,283.15,308.15,353.166666666667,368.183333333333,433.166666666667,453.183333333333,523.2,528.166666666667,608.233333333333,688.216666666667,758.2,853.166666666667,868.233333333333,1353.21666666667,,,,,,
559,27.1833333333333,37.2,238.333333333333,243.3,343.316666666667,398.35,453.333333333333,563.333333333333,628.35,758.35,818.316666666667,848.366666666667,933.383333333333,1128.35,1363.31666666667,,,,,,,,,,,,
560,,,,,,,,,,,,,,,,,,,,,,,,,,,
561,83.2833333333333,228.333333333333,293.383333333333,303.3,318.333333333333,383.3,568.316666666667,573.35,578.316666666667,693.366666666667,813.366666666667,,,,,,,,,,,,,,,,
562,93.3,128.3,138.316666666667,193.3,218.25,353.333333333333,438.35,503.3,598.366666666667,683.333333333333,,,,,,,,,,,,,,,,,
563,42.1666666666667,133.283333333333,218.25,238.333333333333,393.316666666667,803.35,1238.36666666667,,,,,,,,,,,,,,,,,,,,
564,,,,,,,,,,,,,,,,,,,,,,,,,,,
565,2.18333333333333,67.4,83.2833333333333,133.283333333333,218.25,303.3,378.3,458.35,533.35,548.316666666667,648.35,748.366666666667,863.4,,,,,,,,,,,,,,
566,22.2666666666667,78.3,123.283333333333,268.333333333333,293.383333333333,303.3,363.3,448.333333333333,528.316666666667,603.333333333333,708.333333333333,783.4,873.4,,,,,,,,,,,,,,
567,133.283333333333,208.266666666667,298.366666666667,388.333333333333,473.316666666667,568.316666666667,648.35,768.4,788.366666666667,838.35,903.35,1223.38333333333,,,,,,,,,,,,,,,
568,2.18333333333333,67.4,83.2833333333333,148.3,223.3,303.3,388.333333333333,458.35,533.35,588.333333333333,693.366666666667,873.4,,,,,,,,,,,,,,,
569,2.18333333333333,78.3,188.283333333333,358.316666666667,413.3,548.316666666667,628.35,733.333333333333,813.366666666667,,,,,,,,,,,,,,,,,,
570,17.1833333333333,93.3,173.266666666667,263.333333333333,268.333333333333,538.366666666667,618.35,628.35,693.366666666667,703.4,773.35,788.366666666667,863.4,1143.35,1233.35,,,,,,,,,,,,
571,2.18333333333333,128.3,218.25,303.3,368.333333333333,453.333333333333,553.333333333333,888.4,,,,,,,,,,,,,,,,,,,
572,148.3,293.383333333333,378.3,383.3,468.3,558.316666666667,578.316666666667,698.366666666667,813.366666666667,853.316666666667,888.4,958.383333333333,,,,,,,,,,,,,,,
573,178.283333333333,213.266666666667,258.35,323.316666666667,473.316666666667,568.316666666667,628.35,633.333333333333,723.366666666667,843.366666666667,883.366666666667,978.433333333333,,,,,,,,,,,,,,,
574,,,,,,,,,,,,,,,,,,,,,,,,,,,
575,27.1833333333333,103.266666666667,128.3,208.266666666667,283.3,358.316666666667,458.35,463.333333333333,513.35,558.316666666667,563.333333333333,593.35,668.316666666667,768.4,813.366666666667,878.4,923.383333333333,,,,,,,,,,
576,83.4166666666667,193.433333333333,308.433333333333,318.483333333333,423.466666666667,453.466666666667,533.483333333333,663.466666666667,753.55,783.55,793.516666666667,878.533333333333,893.516666666667,1033.53333333333,,,,,,,,,,,,,
577,57.3333333333333,153.416666666667,223.45,233.45,338.466666666667,343.466666666667,418.433333333333,503.45,738.5,843.5,888.55,898.516666666667,,,,,,,,,,,,,,,
578,2.31666666666667,83.4166666666667,173.4,333.45,423.466666666667,513.483333333333,593.483333333333,668.466666666667,688.516666666667,768.533333333333,873.55,878.533333333333,953.516666666667,1093.51666666667,1173.48333333333,1243.53333333333,1323.45,,,,,,,,,,
579,83.4166666666667,183.4,263.466666666667,363.433333333333,433.45,513.483333333333,598.516666666667,703.533333333333,708.483333333333,803.5,833.466666666667,1223.51666666667,,,,,,,,,,,,,,,
580,268.466666666667,373.483333333333,393.45,488.466666666667,598.516666666667,683.483333333333,758.483333333333,768.533333333333,,,,,,,,,,,,,,,,,,,
581,93.45,113.483333333333,158.4,168.4,183.4,188.416666666667,298.516666666667,303.45,323.45,553.483333333333,568.466666666667,593.483333333333,683.483333333333,703.533333333333,723.5,788.516666666667,833.466666666667,853.45,888.55,1048.55,,,,,,,
582,2.31666666666667,78.45,193.433333333333,318.483333333333,333.45,428.466666666667,443.483333333333,533.483333333333,543.45,643.466666666667,748.516666666667,763.516666666667,818.466666666667,853.45,883.5,1008.53333333333,,,,,,,,,,,
583,73.4166666666667,163.416666666667,243.45,258.483333333333,273.483333333333,328.5,338.466666666667,408.483333333333,503.45,573.5,668.466666666667,723.5,828.5,883.5,,,,,,,,,,,,,
584,47.3166666666667,83.4166666666667,93.45,123.433333333333,153.416666666667,163.416666666667,208.4,218.383333333333,293.533333333333,298.516666666667,383.433333333333,408.483333333333,458.5,563.466666666667,588.466666666667,668.466666666667,683.483333333333,798.516666666667,828.5,873.55,,,,,,,
585,67.5333333333333,143.416666666667,233.45,243.45,318.483333333333,398.5,513.483333333333,588.466666666667,828.5,1258.51666666667,1368.46666666667,,,,,,,,,,,,,,,,
586,22.4166666666667,123.433333333333,248.466666666667,253.45,403.466666666667,553.483333333333,578.45,638.516666666667,738.5,823.516666666667,903.5,1303.41666666667,1343.43333333333,,,,,,,,,,,,,,
587,17.3333333333333,113.483333333333,208.4,223.45,278.5,358.466666666667,438.5,523.483333333333,608.55,698.516666666667,783.55,858.45,1163.46666666667,,,,,,,,,,,,,,
588,22.4166666666667,128.45,213.416666666667,303.45,373.483333333333,383.433333333333,458.5,518.516666666667,548.45,618.483333333333,828.5,1168.48333333333,,,,,,,,,,,,,,,
589,27.3166666666667,103.416666666667,198.433333333333,253.45,343.466666666667,433.45,588.466666666667,673.5,703.533333333333,718.483333333333,753.55,988.55,,,,,,,,,,,,,,,
