0.476952639747539,0.608717732138815,0.359031637591719,0.587699351778739,-0.123936678341261,0.0918688667162465,-0.199789108788534,-0.461318503873446,-0.23285150149242,-0.546374682770354,0.466857082477228,-0.880858859524409,-1.24454857401053,-1.04942967797522,-0.756993972739601,-0.397491034363722,-0.0828876175421716,-0.846004178200687,-0.802411249173159,-1.25810680254506
-0.577252433308703,0.417058063428522,-0.108839955369211,-0.665319375550864,-1.24663612008784,-0.703054185545668,-0.728164997658149,-0.804728726676338,-0.269898293694486,-0.429677223218637,-0.323069486024555,-0.516652908287713,-1.00323052349185,-0.582502821947591,-0.81688070147981,-1.02400908681609,-0.568422193970837,-0.86630640768083,-0.504405324954205,-0.593828356250691
0.203016194914514,-0.0902077419443236,-0.706592769179729,-0.700471814022306,-0.202966313127117,-0.550748720288218,-0.757496124706555,-0.330282465353427,0.130357370900659,-0.296158998201169,0.438123839590001,-0.0540486297306705,-0.360211888047581,0.0611081964740448,-0.21054463309668,0.11942221313257,-0.392888317047809,-0.70190227887406,-0.928247964959681,-0.775910664393126
-0.641708688741334,-0.403948729601992,-0.787563166685551,-0.504106568402636,0.104557151849824,0.0249224410651728,-0.292085720802112,-0.602293766047033,-0.332528210850114,-0.504421826267331,-0.667621767730454,-0.301809157843679,-0.462837928783931,-0.662057277022045,-0.722686847707162,-0.662484147688144,-0.528748463728705,-0.919451182262073,-0.986038143383057,-1.4639219630546
-1.15256611209625,-0.652715740663037,-0.452245898975592,0.192701676694947,0.0820417684021568,0.964331475445202,0.919372897104376,0.565621611645264,1.35679846216658,1.45568277546365,-0.476756358427767,-0.0172772712800848,0.62406820908347,0.0966866626275465,0.590182408965384,-0.0540670041455839,0.246874052051475,0.394487143756007,0.950377435667347,0.155939131349936
-1.06438847193174,-1.22294825857612,-1.73365039083905,-1.87269700640729,-1.14787920276482,-0.730765027496803,-0.493788202484446,-0.603179822005445,-0.825278221483175,-1.07673897796619,-0.928780454741705,-1.08584413845397,-0.731067481755886,-0.866756208315993,-1.10020461281959,-1.00279011373996,-1.12976285625656,-0.34257145702436,-0.95888643507301,-1.09799705424464
-0.771051679429128,-0.470902949921168,-0.139998717745052,-0.573945974821035,0.546820743731711,-0.169308738187692,-0.577374835353383,-0.667696142949789,-0.409800767953427,-0.767159878349674,-0.878101984617087,-1.19237074237784,-1.16156230335841,-1.0335127445506,-0.971786185436818,-0.134912373982606,-0.733863071979555,-0.692399165049811,-0.45389500295073,-1.13449760853391
-0.321878077623977,-1.14487725694634,-1.17103849752059,-0.972086283919895,-1.18873141903317,-0.786035077409426,-0.666961206062792,0.154218886836979,1.15313762214255,1.5275603873613,0.130594685282252,0.0534459274391666,-0.428267951535209,-1.1600695782879,-0.748099236924475,-0.608303377573933,-0.687167367049905,-1.024842382997,-0.637994665039088,-0.344914529769455
-1.5013619876758,-0.977761929209614,-0.696557337991507,-1.20833847043628,-0.376276978010143,-1.07484763731486,-0.142471205827543,-0.729978592068194,-0.493007071973841,-0.690612100173475,-0.897946905564853,-1.00749504362079,-0.516804338512565,-0.834368237328053,-1.01651242749701,-1.22929339112116,-0.933003736412022,-1.00698756921695,-1.37868630581194,-1.22185614950701
-0.437509620075402,-0.967779286710164,-1.39052602765402,-1.10168234968457,-0.636102872268551,-0.10690529799319,0.325811143118337,-0.509447295664129,-0.681663170603709,-0.790610123875994,-0.364848596632179,-0.212795356919248,-1.07841422261761,-1.11746960515105,-1.27185837521873,-0.316144638419648,-0.582351629517493,-0.333557759457107,-0.0872302061048629,-0.327997288549498
1.35246235888644,0.103706805037698,0.604574996829243,1.07377836030107,1.24592520817651,1.06942438037036,0.210228332876738,0.741010421109744,0.687554078736009,1.10547062251568,0.874031815881108,0.599004543548639,0.617039988129202,1.04203755687943,1.0436885549985,0.967209925367382,0.432360964872779,0.0965471239210641,0.411912473772746,0.361658644243832
0.177293753683327,0.830255689325532,0.29847429037226,0.946103073034974,1.04900626633835,1.50889954337677,0.523345887979517,0.421132568912279,-0.666676261802629,-0.464822799930001,-0.712456630772399,-0.694024332415028,-0.267160375150451,-0.0403756589932079,-0.619958749495251,0.000883559666596911,-0.403828096320005,-0.831578642883989,-0.728180653973123,-0.791820068703515
0.804364280151572,1.97561360515974,1.07840036366799,0.56803659949589,-0.626517205465251,-0.126147808110553,-0.421907633335564,-0.00381212075161026,0.766647314911828,0.892249796893251,0.65705251972551,1.08241876749307,1.55869806115512,1.75421079549138,0.214358492367698,0.355645235656579,0.2215147607643,-0.0257187273518595,0.986031075453917,0.529318419564321
0.34680029603971,0.0836636517594774,0.0460228120002136,-1.30839938449891,-1.64534954297305,-1.4440319212435,-0.832090266972848,-0.796523000178617,-1.09605451296074,-0.987127212605257,-0.972102381724522,-0.0850919404625445,-0.324121478798886,-0.821878118563563,-0.280427284417252,-0.507523575734531,-0.174015086005617,-0.289227415092638,-0.840131378150174,-0.6110548184017
-1.16060872253285,-1.36434757613085,-1.40194653648708,-1.27621207723602,-1.36462857159009,-0.712549160350183,-0.59404942760094,-0.900181869348229,-0.521782201105995,-0.686362197072764,-0.964541991518071,-0.122459186772334,-1.27771036095793,-0.909457045203248,-1.14026622722475,-1.09393484490813,-1.04041385341373,-1.14285976709761,-0.890499281667562,-0.914884029697397
0.331471498431905,0.941211196051824,0.354186088337412,-0.100088263449307,0.288916198558019,0.0796961496052785,-0.462722877984106,-0.77512527785007,-0.873127813496973,-0.823474635521921,-0.193921537971817,-0.201306810168829,-0.492663450851319,-0.664987055268916,-0.721536632276805,-0.471706485511905,-0.537130588486835,-1.00219245805571,-1.21625765817969,-0.126271481499881
-1.51119490105169,-1.51447845056291,-1.66157898035274,-1.59105047859633,-1.66737983942464,-1.61014255888707,-1.551493943286,-1.70129253786641,-1.39728779867345,-1.63191805128061,-0.88781692224752,-0.71670952086701,-1.24228441999522,-1.09796218553998,-0.33982976093036,-0.388180249958056,-0.191571746979827,-0.277617429660547,-0.188963179772563,-0.639730006710823
-0.657268857886045,-0.341095606603527,-0.611064331358748,-1.32114473598188,-0.84391491689644,-0.79531820383122,-0.858243004765417,-1.12266966387314,-1.36890586729443,-1.71639844837369,-1.74889373524189,-1.65438059755763,-1.11201658381199,-1.39691728754071,-1.24734220459573,-1.13296102391391,-1.35833145852254,-1.62171772081003,-1.47022157805521,-1.67839313941342
1.55385367016594,0.643556710207035,1.01420836230644,-0.985893109888878,-0.631860458930624,-0.553500513230465,-0.264782031417934,-0.942013405423336,-0.771782906285859,-0.532201300961503,-1.06664461226053,-0.68841884820715,-1.25335674494178,-0.93990436540713,-0.893382963375789,-0.588176355366861,-1.12289795842739,-1.2387814315481,0.270511133731109,0.590492326415101
1.73492964905608,1.48830514883873,1.47031967982072,0.950309106268695,1.52150156991265,-0.459142922436262,-0.853324118392245,-0.337189054083516,-0.342546728574835,-0.147708361032461,-0.230470005893028,1.00084527256366,0.193733583495412,0.493930990755256,-0.141594516156852,-0.0579770271486482,0.662339492925609,1.00530643403674,0.186546827886302,-0.192070200794673
1.08809295309517,1.98588695977213,1.20074572037339,0.475454983803294,0.4083648310032,0.201118340561459,0.207997088314033,0.341580995850681,-0.279907677920622,-0.0254528311739835,0.246413847395867,-0.874878020320439,-0.110325336512044,-0.555120322725731,-0.353653159771586,0.585249232551949,-0.0125597183982551,1.62900684478433,1.35936309570685,1.21666828959047
2.44437765015383,2.89655585952432,3.30359531134157,3.31427265118637,3.02288364692328,3.54137344116797,3.9973239130546,3.79956400541225,3.11853849041291,2.52939572159254,2.03668112360828,2.0975385123326,3.03387951384317,2.12090082335239,1.61890142428287,1.00087436747329,1.57813575257278,1.73115301389017,1.75942851789302,1.11050111782431
-0.949204232338782,-0.751112325168229,-1.09891786480727,0.187984514975806,-1.0032951526475,-0.469751062998964,-0.290084326181988,-0.430078589024499,0.0119032140128048,0.132305224741254,-0.179955533956142,1.37782168966309,0.230734854329478,1.54422213081199,1.94206681520228,0.897054746292465,1.38060018407461,-0.539790556778716,-0.48161143771848,-0.321400012291801
-1.11772030587585,-0.466106327119381,-0.90338270661818,-0.252564087703094,-0.364857233373135,-0.803620217419646,-0.681807148849226,1.05298893268799,2.73205594658766,1.37128550570513,1.45430783535984,0.714591121349489,1.14285086965162,0.313824666452339,-0.113798562144493,-0.446372870479272,-0.476756860179581,-0.516979254959594,-1.25406259552084,-1.32449901452472
0.365374163140759,1.16692508154396,0.6935750840412,1.42381512546572,2.30312551956047,1.88457490972669,1.91343074376298,1.68657771243257,2.32810168717063,2.70493678464875,2.46119553335099,1.96953145890072,1.5548078625892,2.21282946512256,1.95489635301047,1.84418744168582,2.04271155181785,3.19637833328664,3.22323511558006,2.96224295870851
1.58865020278024,1.69360406211925,2.24152177089443,2.2664109532645,2.10757758322576,1.46272753983986,0.596174701014874,0.9107489175315,0.513058029994978,1.63194724215559,0.496308789496518,0.25101777751704,0.468859561705205,2.14287192203186,1.54530214000361,0.15548200718343,1.06094147161369,1.49932087623509,0.975616645335155,0.157205872361501
1.02030135988206,1.6520911636353,2.45813739960416,0.937528902533742,1.30681173466375,1.22281701372724,1.99338058480865,2.4641447741139,2.92712778597307,3.50882179778621,2.92851930832563,2.65752398137357,3.08438371602886,2.42615839013091,3.14814982659761,3.26926294144637,1.5392083450854,1.25366820827958,1.18401431830785,1.02927656987782
0.734302546885495,-0.2732847847169,-0.585296537483393,-0.279541429363858,-0.47549339596689,-0.136736453484525,0.879922178046621,1.56510562600149,1.62098894264497,1.6921185774454,1.16570180868933,1.32351897033558,1.40148597262436,1.35236263336539,1.47017176176333,2.08414712638244,1.28453996676992,1.38740559845115,1.20340112861261,1.28498274214595
1.57702212232673,1.72073926550001,0.979494579195213,0.673353950355545,1.86651492815646,1.63372266663828,0.51336412692504,-0.202195261041708,0.598673918964158,0.163469784229531,-0.108625435481764,-0.602775986956602,-0.315258136851227,0.67261763900802,1.27738103441203,0.751263282482955,0.759862962973996,1.49068678030671,2.19224137848597,2.15885061535654
1.90714305029687,0.467629557988061,0.678768272951222,0.497972063778318,0.288880561979447,-0.0226808918343192,0.156922827132715,0.953663338785393,1.78988327573162,1.74825181008007,1.92261855032505,1.48707675975019,1.32359535733747,2.18511558945963,3.27164835097419,2.39467195611374,2.62023382303113,1.34536974106001,2.14857764844851,1.91355980662529
1.86119293575627,1.46210004391831,0.852735272824085,1.19372950266161,0.708366368146608,1.17286814283923,0.279645223599783,-0.479929093004311,-1.05707760272526,-1.5175346655246,-1.64084760973801,-1.62174794923947,-1.64003091280466,-0.813720321000318,-1.00201195650618,-1.19203271391113,-1.44980094827969,-1.45997812737261,-1.31097018199044,-1.17868800720358
1.51318873151875,1.64357291485713,1.47677821822089,1.62320803285313,1.85757310591041,1.78946182249804,1.81148977449336,1.67089215592819,0.479914268610486,0.324225953782963,1.2433247919429,1.35386117849104,0.882764299620599,0.75407533538367,0.998672869361276,0.691108007593027,0.793208082728217,1.27633164167445,0.922322850160262,1.48453777613599
-0.524344163498647,-0.499679669102246,-0.614406992725517,-0.99224199706619,-0.650442677233998,-0.417239249459157,-1.0160942469639,-1.12166010312605,-0.906451931836302,-1.36500714030753,-0.813175392169298,-1.10110898198113,-1.0006379892658,-0.374587979541942,-0.815875867441494,-0.984308777061887,-1.37966698390811,-1.02609615473952,-0.906520045801501,-0.0579099401574361
-0.646295777496085,-0.629472989782154,-1.04312255973104,-0.212785029621821,-0.42870625354053,-0.512787369598221,-0.297176371409596,0.49355365929051,0.620101410501883,-0.350933736495645,-1.3007778540962,-1.27044055979369,-1.47185194493136,-1.14332781220644,-1.22318394338802,-0.716750251597076,-0.167932580058293,-1.16153001924994,-1.08039964271714,-0.876786020638137
-0.500387694548499,-1.28903782133571,-1.02742375821592,-1.34703282535806,-0.936060869873366,-0.933397443334663,-0.766269476500408,-1.01649370680552,-0.20837967527061,-0.940682609274588,-0.350217601061189,-0.162267634847534,0.199749395338665,-0.111418331609627,0.461686010701717,0.410237187885134,-0.503784102120368,-0.0806262541851447,-0.479018557981378,-0.100880021602255
-0.164806179052851,0.383081455452824,-0.114401956249244,-0.802502365533278,-0.136832448487506,0.130410777843407,-0.119938538089649,-0.171891187215354,0.0823985845395031,-0.800391112980504,-0.700260990698145,0.11542920216828,0.0124017385247126,1.0124349365326,0.348990485588893,-0.457798041278428,-0.067907778714776,-0.581109698623161,-0.875558500303849,-0.589594866097708
-0.304340524418314,-0.833719037280997,-0.582401225425562,-0.52758509214268,-1.10328086449138,-0.506901139000589,-0.582305663888321,-0.0871341916781392,-0.749851851107087,-0.440894814375539,-0.335695949432046,0.107116947085003,-0.143728401632819,0.236415957136044,-0.111394383932428,-0.541967687720063,-0.983601832511026,-0.770579628759205,-0.704037239633294,-0.62297576353023
1.25009920068114,0.981611068432891,1.80707305495437,2.06919672731534,1.22295715744589,1.73548034616868,1.32060457192158,2.11603767711683,1.10958322413608,0.851006368355544,0.176752843345064,0.473396334873118,0.976689517635671,0.977000343681202,2.06347872064352,1.81904108962009,1.67693690987173,0.502625789912616,-0.119477778703951,1.29395401322443
-0.430143874125034,-0.945362622822983,-0.839577381964602,-0.950304754742,-0.99005984886904,-0.488996955567792,-0.551027504913142,-0.97698994264603,-0.824726871383322,-0.752005160328056,0.164740490080227,-0.207390529111791,-0.590578914061006,-0.806988837749153,-0.992248087110867,-1.29165533738811,-1.24119598864002,-0.629700104686957,-1.27112172130413,-1.42173350666393
0.286115966231715,1.08070856361165,1.18386855453475,0.786875080439765,0.342346559823955,0.0244076533722511,1.49661821912283,0.605467433708809,1.09156126037101,0.555321777403503,0.903923332433548,1.40325392657695,1.3041647602089,1.83077594577646,1.20716612917635,1.02729647092362,0.810624208847946,0.388748787847304,0.372705747326098,0.10969036444483
0.0555158267588965,-0.282039255747936,0.118661417724511,0.192073968194627,-0.337011840271643,-0.604697412711128,-0.741463049567866,-0.656572884695996,-0.0203325716158315,-0.0317703172944191,-0.807086546357833,-0.256574423164575,-0.553982433957091,-0.198348064472137,-0.0895241358301591,-0.24419145602068,-0.259799740899867,-0.109688641567436,-0.072241145682545,-0.678696573467101
-1.54941357728456,-1.5274004198246,-0.972812597915324,-0.566178274656093,0.63293111642245,-0.724678907519923,-0.323780068839043,-0.951404934950412,-1.03790672440394,-0.864188091320697,-0.821182545007665,-0.739056291094389,-0.817976193844345,-1.49124738558992,-0.663319061382908,-0.126177557140763,-0.529103217952984,-0.734065403339371,-0.630310164594746,-0.56681607121706
0.100801773238832,0.840249582036615,0.525820936512834,0.41238869923662,0.464145695371947,1.51779344183228,1.14779919632782,1.94728460320622,2.61102199913795,1.93962180437885,2.49720681495446,3.15711762672636,2.97760021295054,2.27414552912237,1.26665990073919,1.24256140108459,0.59162006034699,0.650319255204821,0.796870242495687,0.328613155610907
0.255513624376861,0.398198136300329,0.507746808968461,0.250843970892259,0.341518255291447,0.37081502906495,-0.368165114093847,0.579742021137872,-0.0336896296562968,-0.371436868683159,0.305726457701557,0.613812043148191,0.621624377358639,0.887519013297637,0.180282291198807,-0.892754450109896,0.155333504945927,0.250983996584427,-0.000859163842563568,-0.00319809200009987
2.40927749196558,2.82546324191696,2.01644088288362,1.25278959316618,1.39476305637381,0.711991037107019,0.93487233748368,0.994491918603228,1.18575702299147,0.61991821245475,0.124398155695303,0.0836849202616005,-0.0723053465191839,1.65748708791469,2.01776265202861,2.68419358683978,2.03572195789946,1.24698993035534,1.14122772531105,1.18691364507216
-1.68841227394711,-0.865692277284389,-0.578414463783622,-1.2154272245584,-1.63740900422302,-1.33205874452154,-1.23434171307471,-0.994556924937206,-1.36128559837254,-0.824100104118574,-0.182616606534836,-0.685537956335953,-1.20247340212778,-0.666873366136439,-0.271203526078876,-0.302024141488835,0.186768488165002,-0.244999484678696,0.150996313254707,0.00316682033315486
-0.974852758965358,-0.563560772645359,-0.633862950655776,-0.669303853494769,-0.526004341803062,-1.57053169215557,-0.980900534781115,-0.631320540629137,-0.0153172382908202,0.170514606626929,-0.749825923890692,-0.705831030661433,-0.857243054618388,-0.873470990457633,0.960621476529174,1.53144799252619,2.0822625282269,2.03089434003884,1.01145047178765,1.44634233488753
1.35080320147264,-0.00117456915443763,0.0721612338285487,0.0975214696985158,-0.153749924054019,-0.917453089920395,-0.083104283037701,-1.05701899173585,-1.29809619182827,-0.376880179531011,-1.30751823949907,-0.736407711279387,-1.11083151658799,-0.545702176755919,0.904220945622674,0.310559507951033,0.656958369335727,-0.679234855471669,0.0378656910912728,-0.290895188237702
-0.981124719433357,-0.506217455985858,-0.986155396987414,-0.341616064811122,0.135136543741579,-0.513063815849855,-0.735019514975963,1.21718770255308,2.93211953487017,1.77194252651183,2.08361058894414,1.26039052476133,1.62991723850207,0.662314415092985,0.216801324957678,-0.0604564423126553,-0.122058534699417,-0.36884634288237,-1.11753089217385,-0.873736839160973
0.871408965455709,1.19979846487573,0.106376495328206,-0.388946485021003,-1.28474988407022,-1.03458740113392,-0.889445126522705,-0.655438254651367,-0.726363696838825,-0.182932229889086,-1.22000517665714,-1.02354833287752,-0.818524041917884,-0.673626139875082,0.233969517287299,-0.189226477211563,-0.653948096429104,-0.544951945932671,-0.747340482737989,-0.759606047468933
1.41504882892935,-0.249748840834822,-0.331893536034231,-0.0130273665543851,-0.165650208447977,0.555124492488951,0.0641027699161906,-0.0763211697085452,-0.557273468089323,-0.0636448731076961,1.67094111641872,0.979469415269558,-0.40679084958397,-0.770836945092266,-0.205245727622196,0.23042798717375,0.469810828504828,0.564087480477494,0.767444380890433,-0.116360504116736
0.115969824622319,1.08514887507351,1.19798405839094,0.42118900750962,0.999111568725598,0.83105366213232,-0.139950326625342,-0.811530191568374,-1.36737412754813,-1.01402482407198,-0.790177166327807,-0.727485356638511,-0.627631045142397,-0.99705638610908,-0.681877457620342,-1.28781521196346,-0.700494268887028,-0.993611552725062,-0.141747889596771,0.45194985220816
0.598631379839797,0.584107823202447,1.80124311059716,1.62873828367915,0.805002316457792,2.06717450458732,-0.898038593951767,-0.962453655379262,-0.634258156844526,-0.562033814336369,1.13435124617761,1.40563896912266,0.700640496521321,1.08268820270937,0.945084048638888,0.747219956027451,1.49326799955585,1.2293741182724,2.72298554238246,1.99629517728168
-0.492571694339832,0.190449863226939,0.4042142830669,0.596611513392221,0.3347903861281,0.377049722346974,1.4646132792131,0.425263501171933,0.537347016872513,0.359941674114243,1.17408900286604,0.502497155797947,1.24351249409844,2.33858110344771,0.827802527953503,0.939132611411313,0.965596678665877,0.162681256876744,1.45796799737852,0.936639707051967
-0.14476985086285,0.751583056621278,0.439701252874232,-0.122990294268912,-0.362528131202003,-0.642665165564461,-1.02126276418523,-0.154501353131268,0.759139499895251,0.921361619219549,0.859594954054449,0.982779715622144,1.28517805733076,0.498923465333264,0.806209998073027,0.986384417023921,0.623476434329776,0.189515769528466,0.678844447765106,0.832130190289862
-0.50659609817745,-1.53546765358814,-1.53621723752842,-1.16816063180277,-1.15263287303695,-1.09092256955086,-0.886095263084207,-1.14620080370394,-1.34398141139074,-1.12965620682767,-1.03843944770043,-1.43410923877337,-0.865117855012727,-1.09110345158481,-0.768632450719578,-0.606268645326665,-0.37023767546847,-0.759882533432312,-0.590534212628508,-1.00753733839527
0.5912663354551,-0.64983035030885,-0.128089090251739,0.399972866822069,0.298756319265186,-0.339052036470193,-0.967474193353937,-0.815487451835446,-0.627197920075233,0.343215249868719,0.246108074908222,2.48930766179113,0.478215832326125,1.12783818130295,0.157969674176151,0.462006372573149,0.0988544342853392,0.879296880274419,-0.46423031720257,-0.278678669508619
0.0151914439209236,-0.69077571771237,-1.0935290677645,-1.28661144955087,-0.948352647870287,-1.24990017992131,-0.771049381631106,-0.861125365249736,-1.47669366398897,-1.17596223597292,-0.183513445671597,-0.257047518741798,-0.315179578398119,-0.0124443034291209,-0.93792166443307,-0.236457509080717,-1.10246282519745,-0.91294692175513,-1.25312999678887,-1.418960453117
1.45554888431798,1.47576418275632,1.32131193584691,1.35950781125433,2.12329351602699,0.768992800740681,0.104226534584335,0.0754816410696254,-0.0708444404851211,0.0129490612967552,-0.267988451495777,1.06938126504484,0.0903127310391927,0.188147774800094,-0.721560487272069,0.190495207810683,0.223256066915271,-0.918149897628112,-0.666561796648213,1.25236278236234
-0.848314287466939,-1.2039270348502,-0.926944714403747,-0.742944732211277,-0.360745346972601,-0.307899803258464,-0.389877189863436,-0.979847655726842,-0.636937107131949,-0.895165428463621,-0.826686547785031,-0.900558964240791,-0.350647298815184,-0.883338850445851,-0.866296853579071,-0.49607106963239,-0.954809276226893,-0.918997422245491,-0.730421217552254,-0.542300491167387
-0.762136894242649,-0.364366843831735,-0.290196174085394,-0.0486979244179868,0.379689303357596,-0.164476283181134,-0.845430089127935,-0.439372981231345,-0.22113681025916,-0.73616204195036,-0.177561815438062,-0.148474761746477,-0.455184009723065,0.479593981531294,-0.539415804405139,0.124579068137531,-0.823016807313865,-0.696228329068674,-0.325603223669985,-1.34845734169281
-0.645210937801068,-0.239774418902686,0.0533447437892792,0.424321013683679,-0.692248774643854,-0.61885092439195,-0.145851838331812,0.169520293061086,0.110776621153113,0.775299428016833,0.530788544391749,0.742631010888959,0.0557972271862902,0.856517154982675,0.498488209322752,0.716956727958763,0.557078823566101,0.680838833487157,1.49727967568675,1.70247959000509
-0.794100926274801,-0.776627446860959,-0.367764181994174,-0.297930167086339,-0.982447784743824,-1.13338075311348,-0.84644326406406,-0.873694303270446,-0.843609306357932,-0.752477328052492,-0.700541433241248,0.624281462186033,1.0437047133099,0.631509385683888,0.37832226184233,0.683421225650368,0.133326133663274,-0.0655696388229985,0.197678617832087,1.22106328560366
-1.28243861344394,-1.15756464008704,-0.863254906348963,-1.49524852822051,-1.00196790328903,-0.290288749984609,-0.402334668912096,-1.20153213812921,-0.587052960201639,-0.406779277104206,-1.21465516474791,-1.12174094578087,-0.892937765498022,-1.15004858626422,-0.793458685159075,-0.12133082115302,-0.652054543106078,-0.476392461683421,-0.313652022885963,-0.256868499806198
-0.470716199748151,-0.0677167631590076,-0.318472098569069,0.371256746950884,0.222224769113458,-0.33420881582756,0.277198455618341,0.04713394594137,0.648670609027855,1.23140844835024,2.07594859488626,2.64982080787932,2.11418773120084,1.47848535014317,0.685492175654805,0.432974955803507,0.818978291555213,-0.166517825379609,0.284456799218719,0.398508483342062
-1.214009599203,-1.55924486124985,-1.57984816468874,-1.79979515230089,-1.59916403566223,-1.05408258070204,-1.06733464952957,-0.7562509923855,-0.912054816700048,-0.730498865031352,-0.601965368702428,-0.352290240379828,-0.277716456023545,-0.97855007666244,-0.638608219688856,-0.870366959309983,-0.791208286879251,1.1885853929299,0.661732681213486,1.39807861452384
0.125499655357749,-0.378612944555342,-0.992305623198747,0.689433073743206,0.0269146101334766,-0.610768248400485,-0.114258421069393,0.0945374818102724,0.420642729744641,0.0369067925527669,-0.389405825982946,0.0734088319057429,0.00213650113909663,-0.592566230573726,0.222141425989112,-0.152204991860848,-0.312651334253736,-0.3763104425443,-0.0876165992652058,-0.453406046703748
-1.03115311035816,-0.926296419203135,0.399926092418667,-0.236891504644146,-0.731399529309894,-0.575491596005337,-0.295397523193862,-0.139527938991751,1.00170398144311,0.548451370529462,1.35103134796133,2.29870490634189,2.4537991501554,3.08891060604914,0.868803343211902,1.24781064227861,0.553697256747764,0.843560093794495,0.919389937300547,0.841996907018913
1.50949021739662,1.35751577311497,1.39628085854645,0.983599159841892,1.96591316389228,0.911337433261088,0.658853847652371,1.69286258359841,0.0293647577644903,0.949132364390884,0.600894614985365,1.8603580314373,2.39851570090253,1.61929097283857,1.48932846432585,1.61013047279241,0.95466807859881,0.0991042667135185,-0.0116573787440661,-0.380546576728081
1.89477735923901,2.15017261305531,1.15397195627769,-0.278483209616404,0.0145549181449324,0.904272075925528,-0.381474253963131,-0.794629254485565,-0.266935308570488,-0.85212344914087,-0.349887280736415,-1.13044182773778,-0.875314048669899,-0.12467416491362,-0.705082859524779,-0.45565012699258,-0.500858342180207,-0.93512559891732,-0.385070467041597,-0.32266264789638
0.436446384620937,0.88532084835372,1.10317244116585,0.431991161101065,1.68372360962505,0.877829991655837,0.941998895646175,1.25477329681044,0.664777862278137,1.07891248621095,1.26508386028464,0.108999583774621,0.544424502072332,0.674369084664215,0.166897763536133,0.856967319718819,-0.218652386345333,-0.828594005986349,0.630791108097992,-0.176730846005315
-0.285633268995819,-0.574992198993984,-1.14135618081393,-0.0777696951887124,0.225042088918113,0.800601973591614,1.66255364462854,-0.484929158591318,1.11373156874336,1.26192606615108,1.74347904240508,1.48546287401166,1.08237465074234,1.05539893650635,1.00909567640577,0.602289146063692,0.855383847623023,0.948935218650697,1.23034578904948,1.31505966535114
-1.19977095087276,-0.7106034916956,-0.824883797286083,-1.30446010497732,-0.620075228153067,-0.705870528661392,-0.786575667249395,-0.655119261100488,-0.428550739264544,0.162344248777313,-0.113792091099434,-0.75450857791277,-1.59750072212164,-1.47552066830185,-1.19109404892157,-1.35449808553499,-1.13563656343797,-1.14545175151478,-1.04517517842978,-0.630189398216433
0.00342125515444829,-0.346287022410598,-0.368313114575819,-0.471452899555918,-0.0422078508858613,0.35072236633395,0.620545390687221,0.255531689343682,0.298870125819923,0.152401783117581,-0.881184628217217,-0.996789710956778,-0.717542406494433,-0.437436643036279,-0.815049135301866,-0.976813676885624,-1.57103671395053,-1.08765950839154,-0.819022099951791,-0.693867692874909
-0.163389439052012,0.499200590379647,-0.0149269193891668,-0.949569046264868,-0.215848813291656,-0.502889792924238,-0.434606899950079,-0.59078861023846,-0.708803982908989,-0.558101684232977,-1.22515695379991,-1.29803171063533,-1.23298744584161,-0.713720482793804,-1.40822242477081,-1.15949338408844,-1.02383153958107,-0.774489712855704,-1.10444282606719,-1.14258874444233
1.41500687573603,1.50623889021185,2.21243239662974,1.14598881621666,0.836665373421446,0.701235868700111,0.689412595417034,0.479315812677172,-0.205854692934978,0.0108399630736265,-0.0308714095322973,-0.962097527873169,-0.157131878617391,-0.0883302368302847,0.0691200779952199,0.679185524745271,-1.50121630793227,-0.849780939751692,-0.594323699511282,-0.339829870180675
0.150883275252129,0.723013562195707,0.213713529297703,0.487157164258254,0.647850660629274,-0.442707352184285,-0.678349714390664,-0.640779044368889,-0.580798050644787,-0.781118301644256,-1.27306077687091,-1.40726777790712,-1.31083031393092,-0.718147279293098,-0.279015185245909,-1.35549258615983,-0.778859497757958,-0.293710367508949,-0.496340238106573,-0.556388193081862
2.11088763259182,2.07028710775412,2.32373143370038,1.95398282744635,0.942213463128362,0.841635418673828,0.939548413208905,-0.0530040882538186,0.275784568799523,0.647386737325461,-0.131492265859723,-0.771522592854349,-1.0388894351862,-0.801679907918143,-0.463907690016557,-0.973699628143576,-0.302403206237923,-0.106228766572178,1.0163616417721,-0.269449479035431
-1.37986200779261,-1.35982351488012,-0.373281580224281,0.26964754025437,-0.129292960481777,-0.30514989513948,-0.448321215609105,-0.196774431201507,-0.957460110921181,-1.08521718742951,-1.27020183852473,-1.07884748887659,-0.120948710948352,-0.349387840529832,-0.762756021369991,-1.61666867509182,-0.321016452159623,-0.582204895817529,-0.490589338891246,-1.00034245003468
-0.371420025406048,0.134273070679874,0.486080498805302,-0.810506932061393,0.00792716672973469,0.194166018457481,-0.00205000171885639,-0.162318732186236,0.780407265568785,-0.0721303178900112,0.670301716157874,-0.13832628893091,-0.764444218409113,1.08723569696319,1.20099337667633,1.56909177625867,0.646453878431045,0.314011649859663,0.831855499427212,0.860998107274316
-0.0232752111271605,-0.0395385820980263,0.286548110521901,0.229182603464549,-0.51667376127257,-0.320693122621522,0.308376283741598,-0.322930238602352,-0.711722549077027,-0.681727974303896,0.0706662295813534,0.00942068358952755,-0.325587791701259,-0.708284937008342,-0.23149970791666,-0.405338349143114,0.0760684610185077,-0.153973243894465,0.158859276060361,-0.316086668984929
-1.28054442696261,-1.32431966093422,-0.67287516626311,-1.13568342775975,-1.06117328808347,-1.1407059100264,-1.35174474119642,-1.17095995968958,-1.37347657593849,-0.95663105015203,-1.04291571249983,-0.834103270657613,-0.56360529926531,-0.896252453093578,0.500284142654699,-0.167100010078953,0.303401562176096,0.404489969028764,0.896213612746692,0.647802166636418
2.37205417612728,2.51277053737241,1.10067487268345,1.35536869877917,1.93848527687877,0.846894580211868,0.474733126587139,-0.155839743538314,-0.677032056913351,-0.580431642134873,-0.0739884312557111,0.431278770433261,0.122539684454682,0.377283228956657,0.394848094019637,0.5730958629942,0.226339679477665,0.349946426455451,0.545869955108056,0.445432540770888
1.17578639952594,1.44996313558103,1.81182321686434,1.1598398852022,1.17369320436804,2.4993037223414,2.31405933279103,1.56911510281497,1.45059933347007,1.05879188368273,0.692327826241216,0.741100308670663,0.215741211462519,0.67228842745504,0.464935891356515,0.620520132375248,-0.015149914744652,-0.710717831333363,-1.21399042045117,-1.51753258446337
0.0322234293716495,-0.72000639262109,0.31907916540942,0.18824452782906,-0.345909131688581,-0.380207672013569,-1.41237108869204,-0.26309291631385,-0.551079026774786,0.580756305426447,0.450946029449551,-0.0150237790753422,0.0726195464033048,0.105541195819422,-0.277497954132454,-0.917366479613187,-1.38594629583707,-0.769728592943545,-0.00538114431311856,-0.395195956615868
1.55406766011896,1.26856149687203,1.07522374626393,0.457032384304766,0.00567367353607218,-0.167052251361655,-0.0973888727269177,0.247587795505897,-0.431716828743798,-0.0195269933589895,-0.115711836806195,-0.320929404751723,0.481097192610969,-0.374435495733262,-0.702940974372613,-0.25461951219882,-0.224075697049754,-0.140080936623687,-0.75619523221419,-0.917417244156866
-1.51948134070796,-1.25135622508275,-0.785370926556817,-0.742006317975756,-1.28174452666367,-0.778888273899118,-1.46609153445513,-1.68816165846864,-1.4338337044963,-0.106045979639354,1.30410667153968,1.028392936563,0.542111236158329,-0.899540564252267,-1.64283862618578,-1.37122685981098,-0.704201133222475,-0.779678717452948,-0.396403506485827,-0.761138832395144
-0.729735074119357,0.947384419510931,0.518599115247497,0.461579075619019,0.161511465362474,-0.0787315763890699,0.654513792290567,0.41762633950134,0.587158356660714,0.395419385985995,0.87200339553299,1.25470408014676,1.71354003425485,1.66369018571169,0.44117457201564,0.129944935823231,0.852810257367569,0.567552746018484,1.3222855159484,0.32799846638418
-0.317748768481047,-0.761122793277616,-0.691713876556505,-0.917243696325902,-1.07253394872403,-1.09273263244147,-0.860004027024093,-0.543538382017315,-0.392734538738353,0.451907581330731,-0.140679077893171,0.352580014817738,-0.280530271627759,-0.0647576389370547,0.483855345617749,-0.350523542592972,0.455116399214225,-0.729712706755492,0.0953662106795835,0.570319354939858
-1.34346846126459,-0.853280400742615,-1.0227963176569,-0.211905946720038,1.41205069970615,0.573769142299348,1.14485419982506,1.437115186914,1.05973390298308,0.982183332593732,1.12871481483351,0.814903217299464,1.74493292699113,2.13641921491451,1.26158522959539,0.93866680596911,1.24245762585582,0.424150815534687,0.961401310094841,0.741975684872944
-0.797714443085908,-1.25391928287053,-0.860901907080309,-1.20768979656438,-0.644832301750287,-0.652148767874487,-0.742141384923988,-0.109338002742344,1.04975310516618,0.637213773032757,0.919333958080722,1.56599689083769,1.05302617875056,1.36502845838767,1.44100548449826,1.72670616386457,0.0934728975142231,-0.21611342142608,-0.501081858783354,-0.707949934709617
-1.17932840107326,-0.820066073143748,-0.427756375390723,-0.37182080509841,-0.595015921163573,0.112932759121517,0.178711531395122,-0.267499527490225,-0.657839010469686,-1.02114288039454,-0.704807854300151,-0.747918725499029,-0.402314048785629,-0.693013212405518,-1.01585072096485,-0.726873993872787,-0.663564793761669,-0.198067875265325,-0.184607530167372,-0.352214259111857
-0.694266835816098,-0.966609845588993,-1.07431233202875,-0.846212298319263,-0.859837362586955,-0.366321495323593,0.038228888418182,-0.859905196963019,-0.73225145588465,-0.650309235633985,0.125890324983595,-0.0569987256610799,-0.809741980011396,-0.764378328776387,-0.922085532460182,-0.625746886776516,-0.992611235233407,-0.563051403018614,-0.672459078755891,-0.754829475186197
-0.846618626600234,-0.584663044955201,-0.253641015713323,-0.347364919841207,-0.640012299903547,-0.0610578459664926,-0.34535828998726,-0.319619283540227,-0.586160128977571,-0.574864241911117,-0.491980116323009,-0.810157409661988,-0.53292751566608,-0.593370453555299,-0.720027283944846,-0.888403210703765,-0.388327578617386,-0.415263809454602,-0.275309869641369,0.138698987359251
1.55414750920456,2.01522575881159,1.26567221599109,-0.0679774801487581,0.0353840664602836,0.0158068267276425,0.469536794520082,0.376011253206522,0.576390567987671,0.825445149066892,1.17907277973168,0.581919956490097,0.949182101034749,1.31490403647489,0.660230727541316,0.426309181414536,1.2880961996648,0.672022693298833,1.7486640530591,2.17413166196198
1.57629958948889,1.69177517048686,1.04882645668259,1.03271635222406,0.339849533914393,-0.247450465582543,-0.641192776581517,-1.26527959211541,-0.708730007351357,-0.881277766333708,-0.870182337331833,-0.574739490855788,-0.926429030917206,-0.732513581658797,-0.793541035403745,-0.984642706834655,-1.18386640751895,-0.906869090956725,-0.938300316625411,-0.5624683618073
0.296210768953846,-0.373380703646001,-0.184388821573997,-0.108429365193228,-0.254622666264372,-0.194106518534152,-0.235588537742463,-0.149304327408522,-0.284012905678628,-0.84427822988435,-0.931242293297436,-0.9863577580782,-1.08165010404813,-0.356300725316753,-0.624001734175744,-0.437059648600357,-0.373902536246807,2.33498281039986,1.43247625860598,1.08602336258398
-0.281959201241637,-0.450042423624792,0.0910868036559123,-0.678608520953264,-0.892268779336593,-0.412095413312703,-0.33322524197311,-0.504929501468776,-0.0233740529851803,-0.415956820597474,-0.054991203544103,0.0154321527604616,-0.16195326909021,0.151642713323374,-0.14459270257552,0.327343286817538,-0.069500533604256,-0.127447006923599,-0.688488209936175,-0.448365903842394
-0.730620417339257,-0.0419215658035201,0.196133144996451,0.418836652779685,0.150980625063059,-0.266120179175103,0.439681184208539,-0.525237901160328,-1.11410457979612,-1.11734372445047,-1.15777174544446,-1.09125157617467,-0.748520481374491,-0.793026018596019,-1.12787275323198,-1.29483873798373,-1.10899307271972,-1.01913374688209,-0.746430763663578,-0.0150768050025028
0.0311780054127527,-0.40545071186215,0.732951713400173,0.588900189077185,-0.78356479300125,-0.542110837759459,-0.646664772370459,-0.881328171775139,-0.305796251712378,-0.850154543260103,-0.861344409636058,-0.88809364426595,-0.708836670956347,-1.26617898986841,-0.992224995554465,-0.767222928565578,-0.982535876136905,-1.28978459457057,-1.00795764194111,-0.800059578179134
-1.13471447155114,-1.42927050186375,-1.05715644617545,-1.07514333075644,-0.353319918754727,-0.770608172963261,-1.02469592760098,-0.924405342522084,-1.0805378897938,-0.584656403034546,-0.727083381219407,-0.672334161056075,-0.895803877206065,-0.21671607206958,-0.482830631362447,-0.753980130290531,-0.100488781812635,0.060851786110563,-0.452112115985106,-0.803557243140963
1.70325667456585,1.39458554389053,0.319113231441694,1.59342987507818,3.06112441307886,2.68876629351669,2.98945714120205,2.29261805999929,2.38596551802215,1.39501848622882,1.93948712491313,1.32156655954956,2.51852288181604,1.59803125596228,0.868907220360416,0.6564053481379,1.49708832149621,1.20300684817904,2.42982038092466,2.27132136628957
0.45384518227355,1.00467384339993,1.32920344669004,1.83212560856701,2.88999635385201,2.93869423112502,2.30119301064326,0.976690867841077,0.195360468405924,0.468012151147054,-0.251508567455534,0.959533585048728,1.01799978005841,-0.199902498652792,0.713849154411337,0.802654231017769,0.970070937630894,1.34850381691179,1.19036165331123,2.06107037970956
1.06555810753802,0.479861273372485,0.592017788476066,-0.0918674832862762,-1.02063982355526,-0.907773408290098,-1.48922644192518,-0.809755311786704,-0.612988953478258,-0.662010984615908,-0.226552420697104,0.609073841695915,0.325535428046591,0.924249107679859,1.22032743852915,0.231827244862222,0.603393202697049,0.0827910816654558,0.289635408034637,0.228161793939164
-0.784025729584118,-1.03691452802758,-0.279703073219976,1.54848221862951,2.42078350904048,2.23376332510341,1.86663822034236,1.36914267868034,1.4781521812344,1.10941004827302,1.07714690414935,-0.0405069886267205,-0.455622853744105,-0.386169367172447,-0.645212352756574,-0.436264006582713,0.468927294828029,0.0522241049268259,0.435195472257395,0.756577177767539
-0.567573902023336,-0.587840031808069,0.0709651590599456,0.321574040763971,-0.039301539620015,0.226564469779029,0.891901418962629,0.79622046520943,1.41839729584982,-0.0945107312956421,-0.242407880489069,-0.396679901223345,-0.8624986446312,-0.272902367706118,-0.223678094058241,-0.228359159899885,-0.38541537966844,-0.734353221610938,-0.588018088161595,-0.976125545718011
-0.752794188630264,-0.909365010505887,-1.01937001669748,-0.20471909691435,0.267772053458668,0.130476381916487,0.388493376532041,0.0802443416955866,1.50498546543448,0.815145494167325,0.795888113281681,1.05371235180396,1.07409633845863,0.840076630118055,0.359506117782075,0.859699860382957,0.461258333053644,0.205620539651657,0.864921008120094,0.975902111891175
-0.811486032438918,-0.638968768956613,-0.762707682665467,0.0899014953261936,-0.5212312551008,-0.409092675620713,-0.0120751033483483,-0.772120464158737,-1.06413279528512,-1.1049411619075,-1.07303896513976,-0.496094467154001,-0.951591338985159,-1.65534233025007,-1.29508800552932,-1.46323625580386,-1.39381324620156,-0.620904626043094,-1.1762366322895,-1.40315839487898
1.22136532522282,1.08424433883151,0.895436214377151,0.890874721369777,0.211618671136104,-0.276901447442225,-0.507445200094058,-0.265061747679394,-0.808087891183243,-0.348662875287442,-0.705617512059667,-0.944210523659387,-1.15686865830342,-1.60032371517753,-1.63171822832007,-1.41431982578763,-1.31363322646603,-1.42565537023003,-1.12656799424827,-0.851279575590896
0.0192443094382413,0.171664980904454,-0.43967092730778,-0.524352357257332,-0.921015897691766,-1.213466758089,-0.46143553689618,-1.22969870856879,-1.49429317518082,-1.21935282159828,-1.27403965706547,-1.19542927047419,-1.17641048091114,-1.15855606367308,-1.11608717236107,-1.153368548383,-1.1631770652143,-0.938425187786716,-1.51703882773501,-1.64194938758108
-0.219115201502256,-0.476137497093539,-1.15051296394982,-1.05911463688155,-0.63744431160662,-0.747880980758118,-1.07040187077736,-1.01221462030887,-0.646542508247066,-0.685446679124883,-0.88891485640484,-0.62655706497863,-0.458203949452801,-1.12293795448552,-0.828168777610617,-0.254873891269794,-0.422605121916147,-0.474741006540184,0.646588199826097,0.934442430835077
-0.478537141794444,-0.268353377466886,-0.627993529343766,-0.0534194522125016,-0.499229394037885,-0.00987863995388527,-0.201776280274635,-0.191754650921688,-0.647203923440384,-0.169611498849897,-0.620323196556106,-0.465557735145837,-0.289737712713155,0.674343623265353,-0.457542547797961,0.095930690134779,0.219082279023356,0.202666972700221,0.373428973461726,0.461798539152664
0.649682477072478,0.710534158135246,1.67910191905592,0.99187410935086,0.698649318776938,0.98406382735331,0.48091203215255,0.544055802454196,0.386815900434461,0.431571288493483,0.404564331927925,0.157226739566896,0.343035344812677,0.161023036684133,0.53159331149053,0.674447277575192,-0.222750808469869,-0.416219228385823,-0.691384450316253,-0.27760026512279
-0.785424645902166,-0.528270433377913,-0.142823152752888,-0.0122175692302273,-0.0406485222385995,0.259746660430048,0.349985060480453,0.473809202080591,-0.137238750571793,0.198562532473096,-0.451684259231248,-0.618181398535814,-1.35339007404483,-1.26934863881674,-0.967827750892312,-0.398821345017791,0.39417667271268,0.66273160784573,-0.225461574697234,0.690105634069685
-0.524563822941132,-0.610801284520465,0.209040717684806,0.0462513244156961,0.460431448801772,0.593430181498583,-0.313823153191685,-0.998219999698654,-0.860743938198477,-1.73511994576945,-1.14753493079077,-0.354616798023415,-0.487411489285693,-0.431010186265395,-1.0612029337747,-0.354127731353722,-0.471300074417151,-0.392398593919872,-0.42254347501098,-0.660558877254986
-0.69636169100467,0.0268024911889785,-0.504339023319892,-0.681239869787777,-0.761914226605102,-0.38941935705193,-0.459993937613624,-0.931629739912825,-0.905300444985631,-0.547971788645333,-0.147529357080117,0.126281968066934,-0.157852808165053,-0.996415624092362,-1.3298558182545,-1.27397717422407,-1.30920814124388,-1.40786367465433,-1.0195348367733,-0.830249549915673
-1.08147959044067,-1.37692689199464,-0.873418260502137,-0.6532668047518,-0.408076778132911,0.0824594749387464,-0.546937563534296,-0.222747042577882,-0.892140576590641,0.553081050536276,0.0042952140193912,0.521206697526172,0.809541776724013,1.47053625026633,0.642238004868517,0.118593939751318,0.0485850440439434,0.332902089039413,-0.729740218505765,-0.432177975561442
-0.347418324456333,0.759611354512479,0.666017037077135,0.0794961100021252,0.228306140962702,0.337065286815787,0.548717282563965,-0.122601613917748,-0.369184151027364,-0.295752542905234,-0.600959443036152,-0.456002215396001,-0.45062371321519,-0.103364562015102,0.915112086996116,0.408693354008448,0.956794188504813,-1.07171674896892,-1.42569794121441,-0.79290825955404
-1.17995400822004,-0.913622978336024,-0.512553832571029,-1.30479209599469,-0.925621535066397,-1.04979093364879,-0.697635925080154,-0.357592688917234,-0.406783126328486,-0.373627239936076,-0.427114526854035,-0.0404092129106283,-0.171134128359871,1.00988757638515,-0.326245643166612,0.128394619374668,0.312741608616707,-0.712862966893541,-0.683902905382818,-0.176863270071913
